"nom_de_la_marque_du_produit","count"
"sans marque","353"
"Sans marque","282"
"ADELIE","246"
"SANS MARQUE","206"
"NETTO","170"
"AUCHAN","153"
"U","111"
"Mercedes-Benz","109"
"TAGLAB","83"
"Peugeot","82"
"JAMPI","82"
"Ford","58"
"/","57"
"Leader Price","55"
"CASINO","53"
"VW","53"
"Toupargel","51"
"METRO CHEF","48"
"Renault","42"
"SOCIETE LAITIERE DE VICHY","42"
"ESKISS","42"
"GAST","41"
"PICARD","40"
"MERCEDES-BENZ","40"
"EXTREME ®","39"
"cora","36"
"BMW","36"
"TOUPARGEL","35"
"MONOPRIX","35"
"Sans Marque","32"
"Audi","32"
"TRIUM","31"
"Carrefour","31"
"ARGEL","31"
"Carrefour Extra","31"
"CORA","30"
"Opel","30"
"Citroen","30"
"Fournier fils","30"
"VAN DEN CASTEELE","28"
"ELITE / STRAUSS","27"
"Toyota","26"
"Mazda","26"
"CELNAT","26"
"CHABRIOR","25"
"MARQUE U","25"
"OPEL","25"
"PILPA","24"
"Citroën","24"
"Casino","23"
"a pignatta nustrale","23"
"JAY&JOY","23"
"TOP BUDGET","22"
"Ferme de Kerheu","22"
"PEUGEOT","22"
"Bmw","20"
"La ferme au délice royal","20"
"Eismann","20"
"MOULINS WAAST","20"
"Charcuterie de la Thur","19"
"NATALI","19"
"CARREFOUR","19"
"Carrefour Sensation","19"
"SANS","19"
"MONOPRIX GOURMET","19"
"Nestlé signature","19"
"Monoprix","18"
"SAINTE LUCIE","18"
"LE MONDE EN TUBE","18"
"THIRIET","17"
"Hyundai","17"
"Fleurance Nature","17"
"DELI HEMP","17"
"CIGALOU","17"
"Nissan","17"
"Le Leck","16"
"MAISONS DU MONDE","16"
"CITROEN","16"
"Thiriet","16"
"BIOCOOP","16"
"Porsche","16"
"BIO VILLAGE","16"
"Nestlé","15"
"Honda","15"
"Seat","15"
"Land Rover","15"
"KINDER","15"
"sans","15"
"LA BELLE AUDE","15"
"Paysan Breton","14"
"Neutre","13"
"NOS REGIONS ONT DU TALENT","13"
"Vallégrain","13"
"BELLE FRANCE","13"
"Franprix","13"
"ATELIER DU PETIT LEON","13"
"Sans marque - fabrication par le magasin","13"
"QUALITE TRAITEUR","13"
"GERMLINE","13"
"SUPERDIET","13"
"RENAULT","13"
"MUCCI","13"
"LA VIE CLAIRE","13"
"Novaloa","13"
"DUCULTY","12"
"Volvo","12"
"PITON DES NEIGES","12"
"Maison Peneau","12"
"MAISON LIMOUZIN","12"
"DS","12"
"Snickers","12"
"LAND ROVER","12"
"FRANPRIX","11"
"La Balade Gourmande","11"
"MAZDA","11"
"M&M's","11"
"Skoda","11"
"PLAISANCE BIO","11"
"Fiat","11"
"Le Pic","11"
"IKEA","11"
"yumy","10"
"ORLANE","10"
"FUNCAKES","10"
"Twix","10"
"MDH","10"
"E.Graindorge","10"
"Terre Exotique","10"
"SuperNature","10"
"Les Entrées de la Mer","10"
"L'arbre à glaces","10"
"Glace & Sorbets du Périgord","10"
"LA MARQUE 64","10"
"Monoprix Gourmet","10"
"EXCELLENCE","10"
"GRAINE DE BULLES","10"
"sans marque (vendu au rayon stand avec service)","10"
"LEADER PRICE","10"
"Poupluche","10"
"La Dame de Clèdes","10"
"Bijou","10"
"La Manufacture des Belles Glaces","10"
"TEMPE","10"
"PAT ET RIPATON","10"
"George Cannon","9"
"Arabian Oud","9"
"Pileje","9"
"Carrefour BIO","9"
"ANNAYAKE","9"
"DOUX","9"
"ARSENE ET LES PIPELETTES","9"
"Eprit gourmand","9"
"AMAND TRAITEUR","9"
"Le pêcheur Créole","9"
"Carrefour / Carrefour Extra","9"
"Le Gaulois","9"
"Dacia","9"
"CEMOI","9"
"Producteurs & Commerçants","9"
"ANDRE LOUSSOUARN","9"
"SANCHEZ","9"
"ORIENTAL KITCHEN","9"
"Nurilia","9"
"TRS","9"
"SANTAROME BIO","9"
"TY SKORN - MOUSTACHE - COUP DE PATE - SANCHEZ - TAGLAB","9"
"Carrefour Le Marché","9"
"PHARMACIE FLORIT LAFAYETTE","9"
"PARADIS GLACES","9"
"Erhard Pâtissier Glacier","8"
"CBD QUEEN","8"
"LA GLACE","8"
"CITROËN","8"
"VALPIBIO","8"
"SOURCES","8"
"La Laitiere  ®","8"
"Bounty","8"
"Diet Horizon","8"
"MAISON MILHAU","8"
"MONTS et TERROIRS","8"
"Cell'innov","8"
"Ferme de la Boisette / Ferme du Mont St Cyr","8"
"VE WONG / Vihuongto Brand","8"
"LA WILLIAM","8"
"SHAN","8"
"KIA","8"
"Alnatura","8"
"Cochonnailles du Haut-Bois","8"
"Filière Qualité Carrefour","8"
"DEBEAUVOORDER","8"
"Qualité traiteur","8"
"NEUTRE","8"
"RONDE DES MERS","8"
"La Ferme Reilhes","8"
"Antoine Sabatier","8"
"KTM","8"
"LA FERME DUMESNIL","8"
"HENNART","8"
"Carrefour Classic","7"
"NOTRE JARDIN","7"
"PORSCHE","7"
"BE-LIFE","7"
"SAINT GERY","7"
"Fromagerie Anjouin","7"
"Patrimoine Gourmand","7"
"Kia","7"
"SAISSE ET FILS","7"
"REFLETS DE FRANCE","7"
"PPNP (Préparé Par Nos Pros)","7"
"Pas de marque","7"
"Scania","7"
"ski","7"
"AUDI","7"
"Baechler","7"
"MAN","7"
"Thierry SCHWEITZER","7"
"La Cuisine du Poissonnier","7"
"METRO Chef","7"
"FLOUP","7"
"ORFITO","7"
"La Glacerie","7"
"ARO","7"
"Maison PAPILLON","7"
"PRODUITS DE LA CIGOGNE","7"
"ARKOPHARMA","7"
"Reflets de France","7"
"SUPER U VERTOU","7"
"Nature & Découvertes","7"
"Metzger-Muller","7"
"ZHANLIDA","7"
"Laboratoire Floralpina","7"
"VOLAE","7"
"CLERMONT","7"
"Primark","6"
"Ets Chêne et Fils","6"
"Zeeman","6"
"Carrefour Bio","6"
"Jaguar","6"
"COLLECTION","6"
"LE GAULOIS","6"
"Père Anselme","6"
"BOURGOGNE-SAVEUR DE BOURGOGNE","6"
"ökoland","6"
"B&G INTERNATIONAL","6"
"Erhard","6"
"LABORATOIRES IPHYM","6"
"Etal du volailler","6"
"Volailles René MEYER","6"
"MONIQUE RANOU","6"
"LA LAITIERE","6"
"Happyvore","6"
"SALAISONNIERS DU PILAT","6"
"SMICY","6"
"VOLVO","6"
"Mercedes- Benz","6"
"Aptonia","6"
"FIESTAS GUIRCA","6"
"Tesla","6"
"Sondey","6"
"Suzuki","6"
"PETIT NAVIRE","6"
"U SAVEURS","6"
"SHEIN","6"
"POUCE","6"
"PAYS GOURMAND","6"
"La Sablaise","6"
"Maison Chapuis","6"
"Itinéraire des Saveurs","6"
"Auchan","6"
"La Belle Nature","6"
"ISLA DELICE","6"
"Salaisons de la Haute Ardèche","6"
"Sans","6"
"Monique Ranou","6"
"HOA NAM","6"
"Envia","6"
"NUTRAVANCE","6"
"STIHL","6"
"DS Automobiles","6"
"Maison Naja","6"
"BOUDOU","6"
"Caresse Antillaise","6"
"CHARCUTERIE COSME","6"
"MERCIER","5"
"Glaces des Alpes","5"
"CARREFOUR EXTRA","5"
"Bioporc","5"
"Rosé Fruité","5"
"Pural","5"
"EARL LES 3 M","5"
"Yamaha","5"
"La Glace","5"
"centre E. Leclerc de Gouesnou","5"
"LA BARRE","5"
"CRYSTAL","5"
"qualité traiteur","5"
"LES CROISES","5"
"TY SKORN","5"
"Le local en bocal","5"
"OTTAVI","5"
"COMUS","5"
"PHYTO MASTER","5"
"Cupra","5"
"LA MONTLOUISIENNE","5"
"CARREFOUR SENSATION","5"
"Pierre Schmidt","5"
".","5"
"Nutrivie","5"
"BIOPORC","5"
"MAITRE COQ","5"
"LA FRAISERAIE","5"
"Laboratoire Léro","5"
"COUP DE PATES","5"
"Pharm & Nature","5"
"LE GAULOIS PROFESSIONNEL","5"
"Bouchara","5"
"LFG","5"
"DIETAROMA","5"
"ITINERAIRE DES SAVEURS","5"
"Carrefour Original","5"
"STRAWS RIETJES","5"
"Biocoop","5"
"ACB Pharma-L'Herbôthicaire","5"
"La cuisine du poissonnier","5"
"ARTISAN GIVRE","5"
"ATELIER GIVRE","5"
"MARQUE G","5"
"SINGULADERM","5"
"Cultimer producteurs associés","5"
"Deluxe","5"
"La compagnie des marmottes","5"
"Laboratoires Fenioux","5"
"Système U","5"
"SANTAREL","5"
"CORRIL","5"
"ABC","5"
"Triumph","5"
"Renault Trucks","5"
"ECO+","5"
"MONTFORT","5"
"COMPTOIR DU GRAIN","5"
"Cran d'Escalles","5"
"SOLEANE","5"
"LES GLACES DE L'OLIVERAIE","5"
"Espinasse traiteur","5"
"NATURLAND","5"
"Le Bio des Eleveurs","5"
"CESAR","5"
"AUCHAN BABY","4"
"FAMILLE MARY","4"
"JEAN ROZE","4"
"GIE BERRY TOURAINE André PLAZA","4"
"Les Vaches de Fadainville","4"
"Europe cosmétique et parfums","4"
"NATURALIA","4"
"CHEF DESSERT","4"
"CASA","4"
"Ferdinand Chaudouard","4"
"COMPTOIR COLONIAL","4"
"Saint Alby","4"
"La Bovida","4"
"EAGLOBE","4"
"Maison Cottin","4"
"Brocéliande","4"
"CASINO CA VIENT D'ICI","4"
"SEVIMA","4"
"LE REVITAIS","4"
"ONE TWO FUN","4"
"Jules Courtial","4"
"E. LECLERC THIONVILLE","4"
"FIAT","4"
"FROMAGERIE DES GORS","4"
"Marius","4"
"Choix du Traiteur","4"
"Pierre Geronimi","4"
"Jeep","4"
"NATURALOE","4"
"TREFILACTION","4"
"La Cancalaise","4"
"neutre","4"
"Mitsubishi","4"
"CARREFOUR CLASSIC","4"
"OROPOLIS","4"
"FLEURY MICHON","4"
"BOUCHERIE ST CLEMENT","4"
"SCHMIDHAUSER","4"
"Biscuiterie VITAL","4"
"DS automobiles","4"
"Piaggio","4"
"PRIYA","4"
"SALAISONS MASSARDIER","4"
"CHEVENET","4"
"DIETI NATURA","4"
"saveurs mer","4"
"DECO RELIEF","4"
"Les Bonnes Epices de Mr Maurice","4"
"NISSAN","4"
"GRILLO PARTY","4"
"E.Leclerc","4"
"TEX BABY","4"
"GREEN VALLEE","4"
"Savourel","4"
"Nat&Form","4"
"La belle nature","4"
"DELISSE","4"
"l'aredienne","4"
"LPEV","4"
"Bäcken","4"
"KERIA","4"
"VANDEMOORTELE","4"
"NUTRISENS","4"
"LE JARDIN DE LYDIE","4"
"LA CAPRARIUS","4"
"MOULIN DES MOINES","4"
"PRIMEAL","4"
"Justin Bridou","4"
"Naturalia","4"
"CONSOLARO","4"
"PECHE OCEAN","4"
"ERIC FAVRE LABORATOIRE","4"
"BRIO'GEL","4"
"Le traiteur Gourmet","4"
"ROCHEBLIN","4"
"TERSOL","4"
"MOUSTACHE","4"
"E.LECLERC MONTBELIARD","4"
"DES EPICES A MA GUISE","4"
"Chevrier des Crays","4"
"SALAISONS DE LA VERNEDE","4"
"INTERMARCHE","4"
"DEXTER","4"
"Aucune","4"
"TOBLERONE","4"
"Häagen-Dazs","4"
"EMB 94073 Le","4"
"DELTA MOSSEL","4"
"Fiat Professional","4"
"L'Angélys","4"
"Les Merveilles de Domi","4"
"ALBERT MENES","4"
"Conserverie de l'Ile d'Yeu","4"
"MAURER","4"
"sans MARQUE","4"
"SMARTIES ®","4"
"YAMAHA","4"
"LA FROMAGERIE DU QUERCY","4"
"MIKO","4"
"MGD NATURE","4"
"Ets MAURI MAX","4"
"EKONOMIK","4"
"Opel, Peugeot","4"
"La Croix Blanche Dijon France","4"
"TACTICAL OPS","4"
"SIMPL","4"
"Milka","4"
"LE LYNX EXPERT","4"
"MALO","4"
"VERTBAUDET","4"
"Lauburu","4"
"Ferme de la Heurtaudière","4"
"Carrefour Le marché","4"
"Little Big Friends","4"
"CARREFOUR BIO","4"
"Ferdinand Chaudouard / Paul et Ferdinand","4"
"SOY","4"
"PRESIDENT","4"
"Berlinger Haus","4"
"Drôme Salaisons","4"
"CHEVRIER DES CRAYS","4"
"E.LECLERC AUSSONNE","4"
"E.LECLERC","4"
"LUCKY ME","4"
"SANTANE","4"
"Leclerc","4"
"Qlima","4"
"MARQUE NEUTRE","4"
"AGIS","4"
"BOURGAIN ET FILS","4"
"LA GRANDE EPICERIE DE PARIS","4"
"FIZZY","4"
"Leader price","3"
"Le Gargilesse","3"
"Volkswagen","3"
"fabrication maison","3"
"Bourgain et fils","3"
"BIOLOGIQUEMENT","3"
"Kubota","3"
"MAISON PAPILLON","3"
"Bonneterre","3"
"EARL ESTEVE","3"
"Marina & Pau","3"
"DESFARGES","3"
"TD GRISSINI","3"
"E.Leclerc Les Sables d'Olonne","3"
"Trek","3"
"Terre et Traditions","3"
"TRADITION & TERROIR","3"
"Mon p'tit poissonnier","3"
"coeur de jardin","3"
"VIT'ALL+","3"
"FEDOU","3"
"Salaisons Dijonnaises","3"
"OLIGOSANTE","3"
"LES BRASERADES","3"
"NAKAMURA","3"
"Nature Bio","3"
"HYUNDAI","3"
"BEGHIN SAY","3"
"Grandeur Nature","3"
"Royal Bourbon","3"
"PIERRE CATTIER","3"
"Le P'tit Bio","3"
"dBb Remond","3"
"Ducati","3"
"Thierry Duhec","3"
"Kellogg's","3"
"Maserati","3"
"Normanville","3"
"IDHALAL / Neutre","3"
"Jaguar Land Rover","3"
"OZE","3"
"BUBIMEX","3"
"BELLEDONNE","3"
"EVEN","3"
"STEPHAN","3"
"EXHALESSENCE BEAUTE","3"
"Le Comptoir Colonial","3"
"LABORATOIRES COPMED","3"
"DOMAINE DE LIMAGNE","3"
"POMMETTE","3"
"DPLANTES","3"
"Acecook","3"
"ferme de la fosse à l'eau","3"
"BIOSAGESSE","3"
"MOSAIQUE","3"
"TOYOTA","3"
"SAVEURS D'ANTOINE","3"
"SCRAPPER","3"
"LA PERELLE","3"
"PAS DE MARQUE : FABRICATION MAISON","3"
"J.C.David","3"
"FERME DES VERDAIS","3"
"FANTAISIE","3"
"NGOC XUYEN SAIGON","3"
"Herboristerie LARMIGNAT","3"
"CROUSTY","3"
"GEMO","3"
"Bernard Jarnoux Crêpier","3"
"BJORG","3"
"BDMP","3"
"BEHER","3"
"CASINO ÇA VIENT D'ICI","3"
"Saladinettes","3"
"_","3"
"Maison Milhau","3"
"KENZA","3"
"Leonardo","3"
"Jacquin","3"
"LUSTUCRU SELECTION","3"
"AUCUN","3"
"JACQUET","3"
"Slimane Foie Gras","3"
"Tendriade","3"
"L'ATELIER TRAITEUR","3"
"LA CHARLOTTE","3"
"Disneyland Paris","3"
"Maître Papilles","3"
"Coq","3"
"GEKKO","3"
"LE GAULOIS PRO","3"
"AYUR-VANA","3"
"Jeff de Bruges","3"
"METAGENICS","3"
"LE BEZENET","3"
"JACQUIN","3"
"Herbes et Traditions","3"
"Blini","3"
"OZTAT","3"
"MCL","3"
"aucun","3"
"Connétable","3"
"FROMAGERIE LES 4 FERMES","3"
"Oh Ricey","3"
"JUSTE BIO","3"
"EXS","3"
"SALFADIS","3"
"VECTEUR SANTE","3"
"CLAAS","3"
"FOUGANZA","3"
"RIBERALVES","3"
"-","3"
"Santé Verte","3"
"Rustica","3"
"Laiterie de la Vallée de Munster","3"
"POULAILLON","3"
"Olliscience","3"
"Mixa bébé","3"
"Tous les palais du monde","3"
"MORE FOR","3"
"CARREFOUR LE MARCHE","3"
"L'étal du volailler","3"
"FERMIER DE L'AIN","3"
"CARREFOUR CLASSIC'","3"
"LE GALIBIER","3"
"LE MARCHE CARREFOUR","3"
"ATELIER POISSONNERIE","3"
"Jermayo","3"
"SPADO","3"
"ALLIANCE BIO","3"
"ABEL AUTO","3"
"ONNO","3"
"Les Alpines","3"
"CARREFOUR classic","3"
"Salaisons Massardier","3"
"HARLEY-DAVIDSON","3"
"Citroen, DS","3"
"FREVAL","3"
"CITROEN, Fiat, Opel, Peugeot","3"
"No Name","3"
"u","3"
"PATURAGES","3"
"Le Gaulois Professionnel","3"
"HERBESAN","3"
"De Neuville","3"
"MARQUE FOURNISSEUR","3"
"Greenweez","3"
"BRIOGEL","3"
"JEAN HERVE","3"
"Alpha restaur distribution","3"
"LITOKOL","3"
"Fromage de chèvre","3"
"Erhard les Desserts","3"
"McEnnedy","3"
"H&M","3"
"REGHALAL","3"
"CLEMAFLORE - ADP NUTRITION","3"
"La Frairie de Bourgogne","3"
"Nuii","3"
"Laboratoires SYNActifs","3"
"Salaison de la Haute Ardèche","3"
"WAYSCRAL","3"
"Pedone Glacier","3"
"Alpine","3"
"Celnat","3"
"GIOVANNI FERRARI","3"
"Huchet","3"
"Fromagerie Du Pré Verdot","3"
"fromagerie du thouet","3"
"PIERRAT","3"
"PETZL","3"
"Epices.com","3"
"PHYTALESSENCE","3"
"Dexlan","3"
"CHARCUTERIE REGIONALE DIENNET","3"
"Herba Nature","3"
"Gineys","3"
"MEDINA HALAL","3"
"AQUALUNG","3"
"Un temple pour moi","3"
"TOWER","3"
"straws rietjes","3"
"Carrefour / Carrefour Sensation","3"
"VITAVEA BIEN ETRE","3"
"KUKULU","3"
"MONTAGNE NOIRE","3"
"Produits vendus au rayon traditionnel","3"
"Rubbabu","3"
"LA FERME DES LACAUNES","3"
"HORZE","3"
"Le Gaulois Pro","3"
"PAS DE MARQUE PRODUIT","3"
"MON PETIT GLACIER","3"
"U tout Petit","3"
"'Sans Marque'","3"
"Alta-cima 2B","3"
"TERRAIA","3"
"LABORATOIRE CODIFRA","3"
"Fromagerie de la Picaudière","3"
"SAINT ELOI","3"
"Les Délices de la Belle Noë","3"
"Classic Foods of America","3"
"ONE MINUTE","3"
"U BIO","3"
"Herbier Naturel","3"
"Subaru","3"
"Blanche Bresson Institut","3"
"HAFNER","3"
"bofrost*","3"
"ARPEGE","3"
"E. Leclerc Bellaing","3"
"Txperience","3"
"MA PETITE GÉLULE","3"
"Saucisson sec","2"
"BYPHASSE","2"
"gaec le merinos","2"
"Saveurs et Gastronomie","2"
"MAISON COLIBRI","2"
"Novoris","2"
"NATURALINE","2"
"Tradilège","2"
"ANILAR","2"
"Au Coeur de nos Villages","2"
"Laboratoire LBN","2"
"Casa Azzurra","2"
"CILOGLU","2"
"PRINCE DE BRETAGNE","2"
"Naturhouse","2"
"SWEET PANTS","2"
"Beaujolais","2"
"CITROEN, Opel, Peugeot","2"
"ALOYA","2"
"Casino Bio","2"
"SMART SYSTEM","2"
"Overstim.s","2"
"LIDL","2"
"Eric Elien","2"
"GIGLIO","2"
"Infiniti","2"
"LES THOMASINES","2"
"LA MOTNLOUISIENNE","2"
"Antoine Sabatier - Salaisons Dijonnaises","2"
"FETE A DECO","2"
"Flowers Power","2"
"AXURIA","2"
"Muslim Market","2"
"BIOCYTE","2"
"Auchan Mmm!","2"
"Golden Sun","2"
"THS","2"
"BLEDINA","2"
"SONOMANMA","2"
"SICOLY","2"
"WAY AND WAVES","2"
"DOMAINE DE LA BASTINE","2"
"RAMPI","2"
"Essentiel B","2"
"Francois Nature","2"
"OZ ANTEP","2"
"MY WOODEN","2"
"Antonin","2"
"123 SOLEIL!","2"
"SIMPL (Carrefour)","2"
"FERIAL","2"
"Chapeau de sorcière avec des cheveux","2"
"Anavieja","2"
"EUROPAFROM","2"
"COLRUYT","2"
"grainpop","2"
"U10","2"
"SIMPL / PP BLANC","2"
"CHTIME","2"
"Sans (vendue au stand charcuterie traditionnelle)","2"
"ELECTROLUX","2"
"ANOTHER TREE","2"
"JECA","2"
"Netto","2"
"Prestige de la Sarthe","2"
"Bruno SIEBERT S.A.","2"
"DOMAIR","2"
"DACIA","2"
"WOODSUN","2"
"LES ELEVEURS DE LA CHARENTONNE","2"
"KTM, Husqvarna, GasGas","2"
"Maison Briau","2"
"HOUSE","2"
"essence","2"
"Brio'Gel","2"
"C'TROBON","2"
"INSTANT ROTISSERIE","2"
"Les Vaches Heureuses","2"
"Toque du Chef","2"
"Etienne Thillard","2"
"CBD Queen","2"
"GRANIONS","2"
"glace OASIS®","2"
"Juvamine","2"
"Les Cigalounes","2"
"PAS DE MARQUE","2"
"PARTYS","2"
"A. SABATIER","2"
"Bouton d'Or","2"
"ERIC FAVRE NUTRITION EXPERT","2"
"APEKS","2"
"CITROEN, DS, Peugeot","2"
"briogel","2"
"AFFRAIS","2"
"Maison Coudeyrat","2"
"LES LEGENDAIRES","2"
"KINDER SCHOKO-BONS WHITE","2"
"Saint Eloi","2"
"Petit Navire","2"
"Meltonic","2"
"LES DELICES DE BELLE FRANCE","2"
"MEDINA","2"
"Saveurs et Passion","2"
"Glaces de Lyon","2"
"ID'HALAL","2"
"COTE SNACK","2"
"ABIDO","2"
"Autour du Riz","2"
"SELECTION DU VOLAILLER","2"
"Continental","2"
"Les Jardins du Prado","2"
"EARL LOUET","2"
"La Dent du Chat","2"
"Euroweb","2"
"Oleo-mac","2"
"SMIR","2"
"Sélection du Fromager","2"
"Maison Grandjean","2"
"MAITRES OCCITANS","2"
"La Belle Prairie","2"
"Trésors de chefs","2"
"LENAJA","2"
"NATESIS","2"
"NUTRIEXPERT","2"
"Wegoboard","2"
"TIPIAK","2"
"PRO PLAN®","2"
"SKODA","2"
"CEREAL BIO","2"
"Bruneton","2"
"ZARA HOME","2"
"KARDASHIAN BEAUTY","2"
"Créations DANI","2"
"MADIA BIO","2"
"l’Atelier Charcuterie Tradizioni D’Italia","2"
"EDCO","2"
"GASTROMER","2"
"Rayon traditionnel poissonnerie","2"
"SNPN","2"
"Rue des Plantes","2"
"Fourmes fermières de Rochefort Montagne","2"
"SENSEA","2"
"Maison MONTS et TERROIRS","2"
"LAPIERRE","2"
"Saveur d'Antoine","2"
"peugeot","2"
"ADIDAS","2"
"3C PHARMA","2"
"Climont","2"
"SOBOVIA","2"
"SENSE WELLNESS","2"
"FPJ","2"
"Can-Am","2"
"GHABAT EL OUD","2"
"Intermarché Auch","2"
"KOOPMAN","2"
"FORD","2"
"INTEXTRED","2"
"MADRANGE","2"
"TVT","2"
"Medina Halal","2"
"SNIPER","2"
"ARTHUR MARTIN","2"
"BE HAPPY /SARL JOURDAIN","2"
"ANDRE BAZIN","2"
"Carte Nature","2"
"Karma","2"
"LE MARSIGNY","2"
"PEDONE GLACIER / ANGELINA","2"
"MesEpices.com","2"
"Daunat","2"
"sans marque (vendu au rayon libre service emballé sur place)","2"
"Planète au Naturel","2"
"BLEU DU VERCORS SASSENAGE","2"
"Solevita","2"
"NOUS Antigaspi","2"
"PRIX MINI","2"
"BOUTON D'OR","2"
"Jolivia","2"
"Coste Canet","2"
"LA ALEGRIA","2"
"Petit Marché","2"
"Huggy Wuggy","2"
"A PEGURELLA","2"
"LINCET","2"
"La Marque de nos Eleveurs - Bioporc","2"
"PANZANI","2"
"Playtive","2"
"BOMARTS","2"
"Capitaine Cook","2"
"AU JAMBON DE BOURGOGNE","2"
"Fendt","2"
"Kitchen regal","2"
"LES HERBES DE MON PERE","2"
"FLORA NATURA","2"
"SYNPHONAT","2"
"123gelules","2"
"MOUSQUETON","2"
"CARREFOUR SELECTION DE NOS BOUCHERS","2"
"LA MOLE","2"
"CASINO DELICES","2"
"Domair","2"
"Chêne d'Argent","2"
"LOSC","2"
"EPICEA","2"
"Forest Toys","2"
"TALLEC","2"
"Isuzu","2"
"Huilerie Vernoilaise","2"
"Petit génie","2"
"JARDIN BIO ETIC","2"
"Feunix","2"
"Fabrication magasin","2"
"P'TIT GOURMAND","2"
"COLONA","2"
"LAITERIE DE LA VALLEE DE MUNSTER","2"
"Vrac","2"
"ESCALE GOURMANDE","2"
"MAVIDIS","2"
"Nam Meo","2"
"Carrefour Sélection","2"
"INELDEA SANTE NATURELLE","2"
"Chez Pinpin","2"
"LEXIBOOK SA","2"
"le grenier des gastronomes","2"
"Carrefour SIMPL","2"
"Ici en Chartreuse","2"
"Tous les jours","2"
"Cloche d'Or","2"
"Alfa Romeo","2"
"ROYAL CORNETTO","2"
"Carte d'Or","2"
"Nautica","2"
"fromage frais","2"
"Votre Volailler","2"
"Comme des Papas","2"
"TROIS KILOS SEPT","2"
"En Cuisine","2"
"Sarl Henri Domont","2"
"Altiflore","2"
"Brioche Pasquier","2"
"TRADILEGE","2"
"SCEA du VIEUX GRIMBOSQ","2"
"LABORATOIRE CODE","2"
"Disfrais","2"
"LES VIGNES MARINES","2"
"JAUBERT","2"
"D-LAB NUTRICOSMETICS","2"
"la ferme de la sablonniere","2"
"MAISON DU FROMAGE","2"
"Nature's Best Harvest","2"
"Smyths Toys","2"
"LE BURON","2"
"DENTAL GURU","2"
"MOA","2"
"MIKO CLASSIC","2"
"FACYL","2"
"Produit du Terroir","2"
"LA BEAUTE BIO ENGAGEE","2"
"Alesto","2"
"B&M FRANCE SAS","2"
"Marie Morin","2"
"Les Bonnes Canailles","2"
"La Fourche","2"
"L'Atelier du Poissonnier","2"
"Paul et Ferdinand","2"
"Curcumaxx C+","2"
"Les Escargots du Quercy","2"
"MTC","2"
"MARKWINS","2"
"MAÎTRE COQ","2"
"EAU YEAH","2"
"DESPI","2"
"DUKAN","2"
"ACCASTILLAGE DIFFUSION BY PLASTIMO","2"
"HT26 Paris","2"
"Non précisée","2"
"Belle France","2"
"Celsior","2"
"Boulangerie YONG","2"
"Chaleur Créole","2"
"Feu Vert","2"
"Sélection du fromager","2"
"VOLKSWAGEN","2"
"Mont Elephant","2"
"VITALYS ALPES","2"
"SUNTAT","2"
"Maison Prolainat","2"
"CROCELLA","2"
"VIEIRA DE CASTRO","2"
"COTE TABLE","2"
"GAEC LA BAROTIERE","2"
"MONTOSCO","2"
"Auchan Le Poissonnier","2"
"VOLANDRIE","2"
"CAMPO TIERRA","2"
"Alvalle","2"
"TANOSHI","2"
"OLIOSEPTIL","2"
"Candia","2"
"RELAIS GOURMAND","2"
"DIXY","2"
"ANGELINA","2"
"MAISON TINO","2"
"METRO PROFESSIONAL","2"
"DS, Peugeot","2"
"Non concerné","2"
"Joël CATHERINE","2"
"Phytofrance","2"
"Id'halal","2"
"Party Factory","2"
"CREEKS","2"
"Maison Bareil","2"
"Miel BESACIER","2"
"Fabriqué sur place","2"
"HERR FOODS INC","2"
"EPICURILLADES","2"
"KINDER SURPRISE","2"
"MAXXE","2"
"Prophar","2"
"Isigny Sainte-Mère","2"
"Ferme du Ciron","2"
"PRODUCTEURS & COMMERCANTS","2"
"GERBLE SANS GLUTEN","2"
"LUDI","2"
"Leclerc Aire sur la Lys","2"
"Monique RANOU","2"
"LAPHT PHYTOFRANCE","2"
"CARREFOUR et CARREFOUR EXTRA","2"
"LAXURIA","2"
"CHEVRIGNY - CHEVRIER DES CRAYS","2"
"E. Chavassieux","2"
"Kukulu, Ezpela, Tomme d'Espelette, Kalaka","2"
"Hostess","2"
"PHYSIOMINS","2"
"Maison Sapresti","2"
"PUIGRENIER","2"
"RODA","2"
"SEVRE ET BELLE","2"
"HONDA","2"
"NABAIJI","2"
"Royal Canin","2"
"DISTRIFORM","2"
"La touche du chef","2"
"PP Blanc","2"
"L'escargot de Cendrey","2"
"MONS","2"
"ENEFIS","2"
"ZERGIL","2"
"Mon Marché Plaisir","2"
"Sentosphère","2"
"Huitres","2"
"Disney","2"
"Le Minaret","2"
"Laboratoire Lescuyer","2"
"MILSANI","2"
"Sélection du Volailler","2"
"Sungreen","2"
"Vemondo","2"
"NONGSHIM","2"
"HUSQVARNA","2"
"Nature's best harvest","2"
"Excellence","2"
"Jean Maziere","2"
"Castolin","2"
"ELYDAN","2"
"FOU d'BOIS","2"
"MAITRE COCHON","2"
"Bjorg","2"
"P’TIT DELI","2"
"Energizer","2"
"L'Atelier de CHATEAUBOURG","2"
"Produits fabriqués par BISCUITERIE DE BOURGOGNE et/ou portant le code emballeur : EMB 89208A","2"
"STIRATINI","2"
"TQF COLLECTION","2"
"Citroen & DS","2"
"MAS","2"
"Go Nuts","2"
"E. Leclerc Cernay","2"
"Sans marque - Vrac","2"
"Algo d'Aure","2"
"Les coquilles de MR Gaster","2"
"La Noix Gaillarde","2"
"Can-am","2"
"RAYON VRAC","2"
"BEDROS","2"
"Laboratoire biologiquement","2"
"ARABI","2"
"SMART","2"
"LA CUISINE D'OCEANE","2"
"CHARLES et ALICE","2"
"Beauté Simple","2"
"Laboratoire LPEV","2"
"Le Marsigny","2"
"SOCOPA","2"
"Pharmavie","2"
"CLOS CHEVREL","2"
"Bellay","2"
"yutty","2"
"FUNNY FASHION ESPA BV","2"
"sans marques","2"
"HUSQVARNA, KTM","2"
"Ulysse","2"
"Coopérative Fruitière du Val d'Arly","2"
"feyel","2"
"CPNP (Cuisinés Par Nos Pros)","2"
"La Maison des Plantes","2"
"ODYSSEE","2"
"Jardin Bio Etic","2"
"Nikon","2"
"HIGH SOCIETY","2"
"Madrange","2"
"DONNAY","2"
"FUNNY FASHION","2"
"L'ARVERNE","2"
"DONSIMONI","2"
"AUTHENTIC HALAL","2"
"Cellublue","2"
"FABRIQUE A FAGNIERES","2"
"croix verte","2"
"NEO","2"
"Neutre / Id'halal","2"
"Bergerie du Tilh","2"
"PARENTHESE","2"
"WONDFO","2"
"LOUE","2"
"ECOPRIX","2"
"Nadora","2"
"VIVRE VERT","2"
"DOUCEUR DU VERGER","2"
"Gelatelli","2"
"CITE MARINE","2"
"Intertee","2"
"cochon des prés","2"
"BRICK BY BRICK","2"
"NUTRIGEE","2"
"Coopérative du Val d'Arly","2"
"DAIM","2"
"Alsace Protection","2"
"Hardy affineur","2"
"Longe d'espadon","2"
"Simond","2"
"BUKI France","2"
"KINDER SCHOKO-BONS","2"
"L'atelier","2"
"ACTO","2"
"BELLE & BIO","2"
"SAOUDA","2"
"Tradition fromagère","2"
"Saveurs des mauges","2"
"Govinda","2"
"ProNatura","2"
"pas de marque","2"
"NATURACTIVE","2"
"Pierre Sajous","2"
"DELICES DE BELLE FRANCE","2"
"E.LECLERC ATOUT SUD","2"
"funcakes","2"
"CABROL LA SALVETAT","2"
"PHYTOTHERAPIE NATURELLE","2"
"Britax Römer","2"
"MASQUES PRO","2"
"REALDIET","2"
"SECRETS VOLAILLES","2"
"B&S CUISINE","2"
"GASTRONOME PROFESSIONNELS","2"
"Mercedes Benz","2"
"ECO +","2"
"NORMANVILLE","2"
"LUCKY ME!","2"
"Découpe de chapon","2"
"herbs","2"
"Dentyne","2"
"PHYT MCE","2"
"PRATO","2"
"FABRICATION MAISON","2"
"E. LECLERC","2"
"BRIDOR","2"
"Ferme de Roche rousse","2"
"AIXAM","2"
"Sans-Marque","2"
"PharmNature Micronutrition","2"
"AIGLE","2"
"prod'fish","2"
"AL BURJ","2"
"MARIE","2"
"Happy Yours","2"
"Ruz Ha Du","2"
"Herbes et Plantes","2"
"Rustadou","2"
"HAMASA SHOTEN","2"
"Nos Régions ont du Talent","2"
"PLASTIMO","2"
"PARFUMS DE SAINT HUBERT","2"
"AMBROSI SPA","2"
"Panier de Yoplait","2"
"le habert","2"
"Aspasia","2"
"CARREFOUR Le Marché","2"
"M Muscat moelleux","2"
"DANIVAL","2"
"FREESTYLE","2"
"Laboratoires Messségué","2"
"HENAFF SELECTION","2"
"mako moulages","2"
"SARPAP","2"
"Distribution Casino France","2"
"Seb , Krups","2"
"Les Bonnes Epices de Monsieur Maurice","2"
"Ayu'in","2"
"AFROASE","2"
"LABORATOIRE GIPHAR","2"
"THAI DANCER","2"
"NUTRIPURE","2"
"EQUADOR","2"
"CARREFOUR ORIGINAL","2"
"Saint Paulin","2"
"Société REGI FOOD","2"
"AUCHAN POUCE","2"
"Super U Fargues St Hilaire","2"
"Zhanlida","2"
"AUCHAN LE POISSONNIER","2"
"HALAL MEDINA","2"
"Cote d'Or","2"
"MONOPRIX BIO","2"
"FORWATER (4W)","2"
"Les chèvres d'Amandine","2"
"ABC de la Nature","2"
"PASO","2"
"PNE 240G","2"
"BMW.","2"
"Arche","2"
"PRAN","2"
"Ferme D'Heli'sens","2"
"Nutrixeal","2"
"DIETANAT","2"
"Arthur Martin","2"
"aucune","2"
"Mons","2"
"PEYAC","2"
"GERBLE BIO","1"
"ALLOS","1"
"Auzier Chabernac","1"
"LES SALAISONS REGIONALES","1"
"SUD OUEST","1"
"MOLINO COMIRATO","1"
"ENERGETICS","1"
"ESPOIR JUS DE FRUIT","1"
"Kerméné","1"
"GRAND FERMAGE","1"
"steack haché x2","1"
"Payless","1"
"P'TIT DELI","1"
"PLANCHAELEC","1"
"Elit","1"
"FARCE A LEGUMES","1"
"FOOSENG","1"
"BERGERS DU HAUT BEARN","1"
"L'ATELIER DE NOOR","1"
"Jeep, Dodge, Chrysler","1"
"ONO","1"
"LE PERE CHAMPAIN","1"
"GARDAPAN","1"
"BINS DE FRAICHEUR","1"
"TOLKUNN SHOP PARTNER","1"
"DUPONT","1"
"ELABORE PAR NOS SOINS","1"
"black emotion - Real Time","1"
"CLEMAFLORE","1"
"Charcuterie Gabriel","1"
"KUKULU Espelette","1"
"Snackday","1"
"SANS MARQUE / SAFA","1"
"Opel, Opel/Vauxhall","1"
"FRAIS EMBALLE","1"
"DOUDOU ET COMPAGNIE","1"
"Maison Monterrat Traiteur","1"
"Sigdal","1"
"MIS","1"
"PELUCHO","1"
"Pâturages Comtois","1"
"MAISON ROUSTIT","1"
"PLANTATION","1"
"Scott","1"
"SALAISONS CELTIQUES","1"
"LA PETITE EPICERIE","1"
"SUPREME","1"
"PIRATO","1"
"Centre E. LECLERC BELFORT","1"
"CARREFOUR Classic","1"
"GLOBE","1"
"NATUR'AVENIR","1"
"Herboristeire LARMIGNAT","1"
"LA ROUTE DES COMPTOIRS","1"
"Laiterie de Montaigu","1"
"BEABA","1"
"NUTERGIA","1"
"E.Leclerc Mimizan","1"
"CARRE DES PINS","1"
"HUMBLE+","1"
"BIPER ETZIA","1"
"Les bonnes recettes de Vanessa et Grégory des saveurs corréziennes","1"
"RASTEAU","1"
"YELO","1"
"ferme gourmande","1"
"SENJAKU","1"
"CHARCUTERIE ARTISANALE DU PAYS GALLO","1"
"Eurorepar","1"
"CITROEN, DS, Opel, Peugeot","1"
"la ferme de saint pancrace","1"
"La Cerise sur le gâteau","1"
"HENAFF","1"
"TYROL","1"
"WATT&CO","1"
"Bille de Bouéz","1"
"LES DELICES DE CLOBERT","1"
"PIERRE DE CHAUMEYRAC","1"
"Gaec ferme de la fringale","1"
"PERMABLEND","1"
"La fabrique cookies","1"
"CBD HIGH","1"
"TOME ALIGOT FRAICHE","1"
"Volailles Gourmandes","1"
"Humbaur","1"
"SVA","1"
"AESOP","1"
"Signature charcutière","1"
"VOLANDRY","1"
"CELTIGEL","1"
"Lima","1"
"Corril","1"
"SOLEA","1"
"CESARE FIORUCCI","1"
"PIRELLI","1"
"MDD","1"
"ESSENTIELB","1"
"VSETT","1"
"huitres earl jupille","1"
"CASCO","1"
"BMW Motorrad","1"
"BMW, Mini","1"
"Le fumoir du poissonnier","1"
"Boucherie Saint-Clément","1"
"Munster","1"
"DVB CHARLES VII","1"
"ferme des marronniers","1"
"MECACRAFT","1"
"les cosmétiques design paris","1"
"E.LECLERC ROQUES","1"
"Produits personnalisés","1"
"RODOLPHE LE MEUNIER","1"
"NILAI PARIS","1"
"Beffroi","1"
"LES DELICES DE NOEMIE","1"
"CORNETTO","1"
"NOVA","1"
"Omum","1"
"PARTY PRO","1"
"Délicassie","1"
"L'atelier du bois","1"
"Chèvrefin","1"
"Tresemmé","1"
"Ravensden","1"
"SEPHYTO","1"
"Exceldiet Pharma","1"
"Apérivrais","1"
"Pont aux Moines","1"
"Jeannette 1850","1"
"Ctouvert","1"
"MARITCHU","1"
"E. Leclerc Enval","1"
"Cotillons d'Alsace","1"
"Terre de fraîcheur","1"
"BIOTODAY","1"
"URIAGE EAU THERMALE","1"
"TREO","1"
"CHAO'AN","1"
"SARL Mayte Sauveur et Fils","1"
"CHATEAU DE VALLAGON","1"
"Aheco African Food & Cosmetics B.V.","1"
"les délices du Gaulois","1"
"LORINA","1"
"GIORGIO&DARIO","1"
"LE DELICE DES PRAIRIES","1"
"LA PATELIERE","1"
"BROCELIANDE","1"
"Om'Quantallya","1"
"Tous Les Jours","1"
"MAUBERT","1"
"Christina Aquilera","1"
"METRO PROFESSIONNAL","1"
"LABOFLORAL","1"
"Philips AVENT","1"
"élaboré dans nos laboratoire","1"
"LA CHEVRE RIEUSE","1"
"SHNEIDER'S","1"
"gaec de la Baronnerie","1"
"PAVE DE SAUMON","1"
"Céleri branche vrac","1"
"charcuterie de campagne Ollivier","1"
"PIGINO","1"
"SANS MARQUE - PRODUIT ELABORE DANS NOTRE MAGASIN ET VENDU AU RAYON PATISSERIE TRADITIONNEL","1"
"WEBABY","1"
"RUSTADOU","1"
"KERMAREE / INTERMARCHE","1"
"SYNERVITAL","1"
"Conserverie Artisanale Terroir Pyrénées","1"
"Viva, Grandlait, Silhouette, Candia Maxi pack bouteille 1l ou 1,5L","1"
"RARE PARIS","1"
"AUGUSTE","1"
"Citroën, Opel, Peugeot","1"
"Cahills","1"
"SANS MARQUE, fournisseur VANDEMOORTELE","1"
"SINCO TOYS","1"
"Maison Lucas","1"
"Têtes de veau roulées","1"
"POUPON","1"
"CLEAN CARAVANING","1"
"CACG","1"
"MILE","1"
"Kayser","1"
"Ferme du Trèfle Blanc","1"
"Kukulu, Ezpela, Tomme d'Espelette, Kalaka, Saloirs d'Espelette, Antonin","1"
"PAQUITO","1"
"ACOVA","1"
"Asian Home Gourmet","1"
"Ecoprix","1"
"LECLERC EXPRESS ILLKIRCH","1"
"Dreambaby","1"
"Montagne Noire","1"
"Bouton d’Or","1"
"GIGONDAS","1"
"AQUARIUS COSMETIC","1"
"BISSELL","1"
"Boutique Nature","1"
"RondChon","1"
"escargot charlet","1"
"MONTORSI","1"
"well and well","1"
"REDSKINS JUNIOR","1"
"LA CHARNUE","1"
"Bakers @ Home","1"
"Onetik","1"
"ETS LECONTE","1"
"TOQUES & TARTES","1"
"HYBA","1"
"Les Eleveurs des Hauts de France","1"
"REMY LAURE","1"
"Bistro'vite","1"
"Orfito","1"
"GOLDEN TURTLE FOR CHEF'S","1"
"Ghisoni U fium'orbu fleur de lava","1"
"ORANESSENCE","1"
"Les Saveurs de la Thibaudiere","1"
"CF MOTO","1"
"Redon Propolis","1"
"MATCH","1"
"E.LECLERC CERNAY","1"
"ALTUNSA","1"
"LE DOUESY","1"
"Le Clos Saint Sozy","1"
"AIME","1"
"Home","1"
"PROGRIP","1"
"Alain Milliat","1"
"Yutty","1"
"DELPEYRAT","1"
"NOISETLAIT","1"
"A2347 EMC3521","1"
"Kukulu, Les Saloirs d'Espelette, Antonin, Tomme d'Espelette, Kalaka","1"
"Sans marque - vendu au rayon fromage à la coupe (pas de lot ni GTIN visible)","1"
"APTIS","1"
"Husqvarna","1"
"Centre E.Leclerc Betting","1"
"Smarties","1"
"REFLET de FRANCE","1"
"Le choix du traiteur","1"
"Saucisse pur canard façon Toulouse","1"
"POTPOTAM","1"
"Kenwood","1"
"small foot","1"
"NUK","1"
"VITADIAL","1"
"AUX SALAISONS SAVOYARDES","1"
"ORTIS LABORATOIRES","1"
"Nous Anti-Gaspi","1"
"PETIT BEGUIN","1"
"Ferme du Haut-Village","1"
"CEPEWA","1"
"CGF CHARCUTERIE","1"
"saucisson jesus rosette","1"
"ARTISANGIVRE","1"
"Swissten","1"
"Redstone spatule 33cm","1"
"Maison Loste","1"
"WORKZONE","1"
"COMPTOIR DES AFFINEURS","1"
"E.Leclerc Morlaix","1"
"Filière Qualité Carrefour Le Marché","1"
"Yummy Gummies","1"
"Versalys","1"
"CALEFFI Thermador","1"
"Maison Ader","1"
"Ardélice","1"
"EFFILAB","1"
"SIMON DUTRIAUX","1"
"Biscornu","1"
"cora dégustation","1"
"LISAP","1"
"VE WONG - VIHUONGTO","1"
"Sans marque ( Halal )","1"
"N.A!","1"
"LE PETIT SAVOYARD","1"
"NUMBER ONE","1"
"Nathalie et René Coquillages","1"
"Pâtisserie Stéphan","1"
"ATELIER SAUMEXTRA","1"
"GRAIN DE FRAIS","1"
"Tropicana","1"
"MIKO SELECTION","1"
"BOPPY","1"
"Floranjou","1"
"AT FRANCE","1"
"HEMA","1"
"HALLES MANDAR","1"
"du goût et c'est tout","1"
"HONGDA","1"
"CREME CRUE FERMIERE VLANGELIER","1"
"minedition","1"
"Domaine Picard","1"
"ACECOOK","1"
"BROUSSE VERGEZ","1"
"HANAMI","1"
"U tout Petits","1"
"Brûlon","1"
"Somail Fruits","1"
"Médaillé","1"
"HOCO","1"
"Pur régal","1"
"VECTEUR ENERGY","1"
"VIVAGRAIN","1"
"CAMARILLO","1"
"Saveurs de nos régions","1"
"CADIRCI SEKERLEME","1"
"BURGARD","1"
"LUCKY BOAT","1"
"La Perle des Dieux","1"
"SANS MARQUE - ELABORE DANS NOS ATELIERS","1"
"Kérandou","1"
"Brisson","1"
"Dessaint Traiteur","1"
"Qilive","1"
"Jabadabado","1"
"NATUREO","1"
"WOOD N PLAY","1"
"prestige de la sarthe","1"
"Emma Home","1"
"BELLE&BIO","1"
"Complément alimentaire INNOVIT 180pcs vitamine D","1"
"SAINT-GERON","1"
"EMILE FOURNIER ET FILS","1"
"Climbing Technology","1"
"Auchan Essentiel","1"
"Gaston Seillier","1"
"Forever","1"
"BARBA GROUPE","1"
"LENOVO","1"
"Pantalonni Jean Marie","1"
"Brique rouge des Flandres","1"
"MAILEG","1"
"ILLOOMS  BALLONS LED","1"
"B&G INTERNATIONAL  - BGI","1"
"Pâturages Les P'tits Prods","1"
"Aladine","1"
"Herbier d'Hortence","1"
"Alimentation Intelligente","1"
"MONTAGNE NOIRE RESTAURATION","1"
"Ly'O","1"
"bestove","1"
"MAXELL","1"
"Henri Boucher Cambrai avenue de Paris","1"
"Nûby","1"
"CRAYOLA Mini Kids","1"
"PORTLAND","1"
"BLANCO","1"
"DAIMARU","1"
"JEBO","1"
"CHRONOCASH","1"
"la marca","1"
"Cœur de massif","1"
"WONDERKIDS","1"
"Charal","1"
"FARINE DE SARRASIN FERME DE LA BELLE NOE","1"
"dischamp","1"
"DURACELL","1"
"SECRET D’AFFINEUR","1"
"FIORITAL","1"
"LE THE CHIC","1"
"BONVAL","1"
"Secret d'Eleveurs / Les Halles Occitanes / Sans marque","1"
"Artmétal","1"
"E-BATTERIE JCDECAUX","1"
"Carrefour bio","1"
"Cote d'Or  MONDELEZ","1"
"Schweitzer","1"
"La Bling Bling Canicule","1"
"Toque du chef","1"
"SAINT AGAUNE","1"
"MA KIBELL","1"
"Aoste","1"
"Bioreal","1"
"Marque de commerce : Culligan","1"
"corte del gusto","1"
"HAUT PAYS","1"
"Les Délices de Belle France","1"
"PROSAIN","1"
"Maison Monts et Terroirs","1"
"Jambon cuit à la coupe","1"
"LA MARCONNETE","1"
"Adelie","1"
"French Beauty Ritual","1"
"DAPHNEE NV","1"
"NX","1"
"BOURG FLEURI","1"
"Legrand","1"
"Roger","1"
"Nini & Girls","1"
"LES LUNELUS","1"
"ZODIO","1"
"GPH Diffusion","1"
"JOHNY BEE","1"
"Carrefour Classic'","1"
"Fabriquée sur place","1"
"Pylones","1"
"Le Grossiste CBD","1"
"ATMOSPHERA","1"
"La Ferme de la Prairie","1"
"PLANTOYS","1"
"BeToys","1"
"Pluch'One","1"
"BONNETERRE","1"
"Les Paquerettes","1"
"ALGOTA","1"
"L&OBAYLE","1"
"ROQUEFORT SOCIETE","1"
"PAPILLON","1"
"African Source","1"
"CEREBOS","1"
"SEAFARM","1"
"LA Glace","1"
"sorbet original","1"
"CLASSIC FOODS OF AMERICA","1"
"PRODUITS VENDUS EN LIBRE SERVICE","1"
"Findus - Croustibat","1"
"Yipinxuan","1"
"COTE CROC","1"
"Chrysler / Dodge","1"
"Dayang","1"
"DUAB","1"
"Sans marque vendu par Metro","1"
"Gaec de la baronnerie","1"
"Goût Original","1"
"E-WAY","1"
"DUCRAY","1"
"Seigneurie","1"
"Gamme Access","1"
"La ferme de Miri'bêle","1"
"SAS COCAGNE","1"
"RUBBABU","1"
"VICOMTE PRO","1"
"EPI D'OR","1"
"Aixam","1"
"RUBIE'S","1"
"LABORATOIRES BRYSSICA","1"
"fromage demi sec","1"
"Moulin de Sarré","1"
"COOPERATIVE BEURRIERE","1"
"Taifun","1"
"Dr Schär","1"
"LECHEF","1"
"GELAE","1"
"Saling","1"
"Marguer'ice","1"
"Le Cayenne","1"
"FLORETTE","1"
"La Grande Epicerie de Paris","1"
"Urban Living","1"
"Matéo","1"
"PASCO","1"
"LE FARCI POITEVIN","1"
"Honorine& Jean","1"
"Feminity by Mounamour","1"
"NUTRIDAYS","1"
"GENERIQUE","1"
"ABT e-Line","1"
"Leroy","1"
"Vente au détail","1"
"CHERE NATURE","1"
"NUTRITION CONCEPT - IPHAR","1"
"SAS P'tit Clown","1"
"Fabriqués par le magasin","1"
"bi1","1"
"Sojabio","1"
"VACQUEYRAS","1"
"TRAVEL ADAPTER","1"
"QUITTIN","1"
"CERAMICAS EDGAR PICAS","1"
"Kerandou","1"
"LEROY","1"
"Laboratoire des Terroirs Gascons","1"
"Adélie et Netto","1"
"GOA","1"
"POM BISTRO","1"
"FERME DE LA BRUNIE","1"
"Charcuterie Pierrat","1"
"Pyramex","1"
"HOME","1"
"BRP","1"
"CUIVRAMINE","1"
"ENEXO","1"
"FROMAGES DE CHEVRES","1"
"Montaigu","1"
"ZERO MOUSTIQUE","1"
"Rire et confetti","1"
"Crofton","1"
"CDV Confolentaise des Viandes","1"
"PANDA","1"
"Kukulu, Ezpela","1"
"Produit sans marque","1"
"SATELLITE","1"
"Isco","1"
"ROYAL LONDON","1"
"Boppy","1"
"Y BRUSH","1"
"BERTIZ/ KAMIKU","1"
"PEDONE GLACIER","1"
"Air & Me","1"
"Natali Nature Bio (NNB)","1"
"Didden","1"
"TERROIR FLEURI","1"
"Prince de Bretagne","1"
"BRIES ST REMY","1"
"fabriqué dans nos ateliers","1"
"Ferme les Acacias","1"
"LES ENTRÉES DE LA MER","1"
"Fabrication Fiche TSF CARREFOUR","1"
"LA NAUCELLOISE","1"
"Ty Délice","1"
"PREMIER","1"
"Premium Iceland","1"
"E.Leclerc Schiltigheim","1"
"L'atelier du haché - Montagnes Saveurs","1"
"ESSENTIEL B","1"
"Clos Chevrel","1"
"CAPRICE","1"
"Safety Baby","1"
"COCK","1"
"Fromage de Bergues","1"
"DPPM","1"
"SPN","1"
"Mon marché plaisir bio","1"
"Gelatelli Limited edition","1"
"Laboratoire NG","1"
"SES - NL","1"
"WINDHAGER","1"
"Combilo (fournisseur)","1"
"CLEAN BOAT","1"
"INNOVA GOODS","1"
"Fromage de munster","1"
"Inesis","1"
"SAFA","1"
"Roura","1"
"LES VOLAILLES DE NOS REGIONS","1"
"Fournisseur La PERLE FINE","1"
"TOY'S COMPANY","1"
"Al Jawda","1"
"Les poupées câlines","1"
"ROUGIE","1"
"Carrefour Selection","1"
"Biotech USA KFT","1"
"Aquarelle","1"
"SUNN","1"
"POST","1"
"PICOTA","1"
"Yutti Çiloglu","1"
"ROCKRIDER","1"
"MAXIME HOME","1"
"sans marque, vendu au rayon traditionnel","1"
"charcuteries issoldunoises","1"
"ovocoop","1"
"HANABI","1"
"scea Caldayroux","1"
"blue-solutions","1"
"BIOTECHNIE Premium Curcuma","1"
"Skipper Sild","1"
"Sans marque (Fournisseur BRIDOR)","1"
"L'HERBIER DE GASCOGNE - LE COMPTOIR DE L'APOTHICAIRE  l","1"
"INSHAPE NUTRITION","1"
"TRADIZIONI D’ITALIA","1"
"sarah morin","1"
"OUATOO","1"
"Tiny Magic","1"
"Saupiquet","1"
"CAP OCEAN","1"
"Trixie","1"
"HUITRES DE BOUZIGUES FQC - HUITRES DE CAMARGUE - HUITRES DE BOUZIGUES BIO - HUITRES ST MARTIN -  HUITRES SPECIALE DE MEDITERRANEE FQC","1"
"ACCESSOIRES","1"
"Jean de Luz","1"
"Quartz (Counterfeit)","1"
"SIMPL / PRODUITS BLANCS","1"
"gast","1"
"SELECTION DE NOS REGIONS","1"
"Mon marché plaisir, producteurs & commerçants","1"
"L'EPICERIE DU CHEF","1"
"marca de fabrica","1"
"LE PAILLE EN QUEUE","1"
"PROTECTA","1"
"pas de marque spécifique","1"
"PRE EMBALLE","1"
"PARKER, LEGRIS","1"
"FERNAND DUSSERT","1"
"RESERVE TOUCHAIS","1"
"la Ferme du mont d'Epy","1"
"PALIRIA","1"
"LUMICALIN","1"
"TOKAPI","1"
"Claire's","1"
"KREEK'S","1"
"","1"
"Bayard","1"
"L'ATELIER POISSONNERIE","1"
"CASINO BIO DOODINGUES","1"
"bridor","1"
"Ferme des érusées","1"
"RONCKIER","1"
"Boeshield T9","1"
"Aimantine","1"
"ferme de collonge","1"
"Vieille Graine","1"
"Cultimer Producteurs Associés","1"
"Viana","1"
"Soignon","1"
"JAKKS","1"
"SALAISONS DES BELIERS","1"
"Plumdo","1"
"PORT Connect","1"
"SUBITO","1"
"YARDEN","1"
"GAEC d'Arcy","1"
"Paris-Brest vendu en barquette rayon Pâtisserie traditionnel","1"
"SARP","1"
"Saveurs de Nos Régions","1"
"sans marque (vendu au rayon stand avec service et libre service emballé sur place)","1"
"EARL Ferme de Reculefort","1"
"VRAI","1"
"fromagerie saint jaume","1"
"VIANDES CLERMONT","1"
"CLUB DES SOMMELIERS","1"
"VARIO","1"
"USB Power Adapter","1"
"vounot","1"
"Prix futés","1"
"Saint Nicolas Gourmet","1"
"Euro Santé Diffusion","1"
"TINXIROL","1"
"SELECTIONNE PAR NOS CHARCUTIERS !","1"
"Interior's","1"
"LAFITTE","1"
"Pâté à l'échalote","1"
"sans marque (vendu au rayon boucherie traditionnelle","1"
"ACPS BOSAL/ORIS","1"
"MILODINA","1"
"SAUTTER","1"
"POCHAT FROMAGES","1"
"MATOCQ","1"
"SALAISONS DU MACONNAIS","1"
"Ferme de Villaine","1"
"Benno","1"
"Herta","1"
"Rest'Or Chef","1"
"LES VIANDES DU HAUT BEARN","1"
"HAOHAO","1"
"Maison Mer - Côte Atlantique","1"
"LED","1"
"Ancient Wisdom","1"
"Reghalal","1"
"Robin des Bio","1"
"L'ANGELICA","1"
"Crustarmor, Crustine","1"
"Blime","1"
"Négroni","1"
"E.Leclerc Guérande","1"
"pujalet","1"
"Wayley Star toys","1"
"FERMIER DE GASCOGNE","1"
"COGEX","1"
"OPTIMEO","1"
"candy blox","1"
"Apyforme","1"
"LAIT DU FOREZ","1"
"Tefal","1"
"Les Parfums d'Ugo","1"
"BRIE DES VOSGES","1"
"THEKICHENETTE","1"
"Wedze","1"
"GRAL  et sans marque","1"
"MOUSTIRATS","1"
"tendance","1"
"GASGAS, HUSQVARNA","1"
"VERNEUIL","1"
"Janod","1"
"LOC MARÉE","1"
"Coteaux de la Saâne","1"
"SIEBERT","1"
"Jambon vendu en tranche au rayon traditionnel - charcuterie","1"
"ROSE CONFECTIONERY LTD","1"
"HAN","1"
"COEFFIC MAREE","1"
"LÖKKI","1"
"Lovisa","1"
"Fabrication sur place","1"
"LA ROYALE D'ISIGNY","1"
"vendu sans marque au rayon traditionnel","1"
"KERALIOU","1"
"Miniweight","1"
"Kohler-SDMO","1"
"égouttés, demi-secs par 2","1"
"FERRY JOUETS","1"
"WuFuYuan","1"
"Bee & Flower","1"
"SANS MARQUE - Emballages  E.Leclerc Tourlaville","1"
"LEFORGEAIS","1"
"Mercedes-AMG","1"
"Le Coq","1"
"Pierrot coquillage","1"
"La boite à Fromage","1"
"Rondelé","1"
"REVILLON CHOCOLATIER","1"
"Les Comtes de Provence","1"
"SAVEURS FORESTIERES","1"
"PROPHAR LABORATOIRE","1"
"Cigalou","1"
"VULCANET","1"
"Produit CARREFOUR","1"
"Goodmans","1"
"Saveurs & Fruits","1"
"BRP CAN-AM","1"
"Sans marque (vendu au rayon frais emballé)","1"
"VANDERMOORTELE","1"
"Merveilles du monde","1"
"HENRI RAFFIN  Excellence des Saveurs","1"
"Laboratoire NUTERGIA","1"
"JellySnack","1"
"POULET FUME AU BOIS DE HETRE RONSARD OVALYS","1"
"PME","1"
"ARSENE","1"
"Kevalex","1"
"L'escargotière Champenoise","1"
"TEX Baby","1"
"FERME DE LA VIEILLE RUE","1"
"REVOLT","1"
"Vendu au rayon trad","1"
"Les salaisons régionales","1"
"Nature Planet Aps","1"
"Sans marque (Fournisseur SAUMEXTRA)","1"
"Produit vendu en patisserie traditionel sans marque","1"
"Lucide","1"
"SVA JEAN ROZE","1"
"Exotic Fruit Cameroun","1"
"Casino ça vient d'ici","1"
"CITROEN, Peugeot","1"
"E. LECLERC OLIVET LA SOURCE","1"
"el biscarron","1"
"FECHTER","1"
"Diy little world wen sheng","1"
"Sans marque - Fabrication par le magasin","1"
"Corbeille d'Or","1"
"PHYTOCOMPLEXE","1"
"Vendu au rayon traiteur traditionnel","1"
"Pharmascience","1"
"Badabulle","1"
"BIO NEO","1"
"Paysans Ardéchois","1"
"TKA","1"
"ELISE&LISE","1"
"SITRAM","1"
"Attack Energy","1"
"Produits de la Cigogne","1"
"SIARR/Westfalia- Automotive","1"
"FROMAGERIE ANJOUIN","1"
"LOC MAREE","1"
"ARTYSAN","1"
"BIONLY","1"
"Amazon Basics","1"
"DeWalt","1"
"Hans Perrin","1"
"FIT & HEALTHY","1"
"Bebesublime Aldaprod","1"
"ALI BABA","1"
"FIX A LEAK","1"
"Salakis","1"
"LAC","1"
"MAKARI DE SUISSE","1"
"DS automobiles, Peugeot","1"
"TRIBORD - DECATHLON","1"
"Nixe","1"
"TEVA","1"
"BILTWELL","1"
"Zauberhaft Backen","1"
"SAVONNERIEFLEURSDESEL","1"
"Etal du boucher","1"
"ROO CREW","1"
"La Chambre aux Confitures","1"
"GOLDEN TURTLE","1"
"SPACEO","1"
"Maritchu","1"
"MECANO GALVA","1"
"Mmm!","1"
"Kerem","1"
"ÉLABORES DANS NOTRE RAYON PÂTISSERIE","1"
"IT2C","1"
"VOLARE bicycles / Kubbinga BV","1"
"La petite Fabrique","1"
"Mamilafé","1"
"KABATO","1"
"Ferme de Roche Rousse","1"
"SUZUKI","1"
"Centre E.Leclerc Kingersheim","1"
"OM3","1"
"LES PÂTISSADES","1"
"Frais","1"
"KROME","1"
"DR SMITH","1"
"Disney Baby tous des artistes","1"
"COMPTOIR DES MAREES","1"
"FASSIER","1"
"fromage au lait cru","1"
"EXTERNET","1"
"Fermiers Gastronomes","1"
"FLORA CBD","1"
"CASH PISCINES","1"
"FONT SAINT HUILE 03 BEZENET","1"
"La Belle D'Audierne","1"
"Aldi","1"
"NUOVA CASTELLI","1"
"Evernat","1"
"Bergerie LOU YE TU (produit vendu à la découpe et à la pièce)","1"
"pavillon de france","1"
"METRO  CHEF","1"
"Secret d'éleveurs","1"
"BEMI","1"
"LA GRANGE","1"
"Silicone bakeware","1"
"Centre E.LECLERC LAGORD","1"
"Thai Tapas","1"
"SEAT","1"
"TRIGANO JARDIN","1"
"LECLERC TRELISSAC","1"
"Eredi Angelo Baruffaldi srl","1"
"PANTHERA","1"
"ELABOREE AU RAYON PATISSERIE","1"
"E.LECLERC ALLONNES","1"
"NEGRONI","1"
"FOU D'BOIS","1"
"AXE SELECTION","1"
"MEISAN","1"
"A.I.&E","1"
"VIMEC","1"
"Otokar","1"
"MARQUE FOURNISSEUR SAUMEXTRA","1"
"Mars Wrigley","1"
"FRANCOISE BEDON","1"
"Carrefour sélection","1"
"NOISE PUTTY Jouet Pâte à Prout forme WC","1"
"Minimotors","1"
"Douce France","1"
"THAERON","1"
"Néant","1"
"CAFE MICHEL","1"
"DOM DUARTE","1"
"Daddy's Choice Purism","1"
"La Abuela Amélia","1"
"FRUISSON","1"
"Pinolino","1"
"Varenne Gastronomie","1"
"MI LAU","1"
"KORES","1"
"G!","1"
"teashop","1"
"Acqua Di Mare - Real Time","1"
"ZEN AROME","1"
"TERRA NOSTRA","1"
"DELICIA","1"
"La Maison Adam","1"
"EXPERTIZ","1"
"maison bignalet","1"
"sans marque (vendu au rayon stand avec service et en libre service emballé sur place)","1"
"FINE FRANCE","1"
"CANAILLOU","1"
"EQUIKIDS","1"
"GASGAS","1"
"VOLVO TRUCKS et RENAULT TRUCKS","1"
"E.Leclerc Le Brézet","1"
"Terra Natura","1"
"ETHNOSCIENCES","1"
"Brient","1"
"QUALITE TRAITEUR /Régal du Chef","1"
"EVOLUPLUS","1"
"Barilla","1"
"GRIFFON","1"
"CHEVRIGNY CHEVENET","1"
"SANDOKAN","1"
"CHILLET","1"
"Ooni","1"
"BOUCHERIE E.LECLERC ANGLET BAB","1"
"citroen","1"
"MINI","1"
"SHANGAI RUICHENG INDUSTRY CO LTD","1"
"BAIGNES","1"
"MOWI","1"
"LABORATOIRES INEBIOS","1"
"VAH Spielzeugmanufatur","1"
"MAISON VAUX CHARCUTERIE DE CAMPAGNE","1"
"PAUL MARIUS","1"
"SHOT RACE GEAR","1"
"E. Leclerc Thiant","1"
"Bun tuoi thang Long","1"
"Hardy affineur - Marie Quatrehomme - La Mère Richard","1"
"PATISSERIE Centre E Leclerc de Gouesnou","1"
"Secret d'affineur","1"
"NEW KOOL'OR / Bäcken","1"
"ALFA ROMEO","1"
"La Ferme Schmitt","1"
"Rolmer","1"
"MDD L'ATELIER POISSONNERIE","1"
"LABO INTEX-TONIC","1"
"Bonduelle Food Service","1"
"Isola bio","1"
"LANDFEIN","1"
"voir pièce jointe","1"
"Bonduelle","1"
"Dr. Schär","1"
"GAEC des Lauriers","1"
"Georges Larnicol","1"
"TARTEX","1"
"mengfu shl","1"
"OCEAN DELICES","1"
"LG Imports","1"
"S-LINE - SIFAM","1"
"MIL GERMANY","1"
"Carrefour VEGGIE","1"
"Carrefour Discount","1"
"Volvic Eau Minérale Naturelle","1"
"FROMAGERIE DES CEVENNES","1"
"MiniDive","1"
"GRAFIX","1"
"sweet pants","1"
"Morisco","1"
"FRANDIS","1"
"Le Gaulois Les Accessibles","1"
"THERAGREEN","1"
"Collection d'Asie AGIS","1"
"katime","1"
"LEONE","1"
"Naterial","1"
"Andric","1"
"Audeline","1"
"Traditions de Normandie","1"
"LA PIZZA DE MANOSQUE","1"
"FRUITS ROUGES & Co.","1"
"EARL des Giraults","1"
"DOSTLAR'S","1"
"KAZIDOMI","1"
"Contigo kids","1"
"La table d'Adrien","1"
"HANSA","1"
"Bionarel","1"
"Groix et Nature","1"
"Communauté des Fils et Filles de la Paix","1"
"Guyader","1"
"B&M","1"
"BOMBITOS / MAX PROTEIN","1"
"Granions","1"
"Neutre / Halal","1"
"Tome de Cambrai","1"
"CICABOOM","1"
"Beurre doux Le Bosquet","1"
"LM (Rodolphe le meunier)","1"
"Galet de Bourgogne","1"
"TH REAUX","1"
"LE PRIX GAGNANT","1"
"BSI","1"
"CREALYS","1"
"AMA","1"
"Colorful","1"
"VSL","1"
"Tomm'Pousse","1"
"Charcuterie COMMENGES","1"
"Biobaula","1"
"BERGE","1"
"La Pizza de Manosque","1"
"DIGGERS tools","1"
"ADVENTURIDGE","1"
"Président","1"
"huitres Grandin","1"
"DOMAINE DE LA GITONNIERE","1"
"GAEC DE LA MONTAGNE","1"
"ARUBA","1"
"Ranong Tea","1"
"PowerXL","1"
"MAISON DES VIANDES DU BAZADAIS","1"
"SEMIN","1"
"THOUY","1"
"PrixMini","1"
"YSIANCE","1"
"L'HERBIER DE GASCOGNE - LE COMPTOIR DE L'APOTHICAIRE","1"
"Centre E.Leclerc Haguenau","1"
"La Petite Biscuiterie","1"
"Love Radius","1"
"L'Etal du volailler","1"
"MELLIPOU","1"
"Cosmétiques de Quiberon","1"
"CEDIF","1"
"Boulangerie Centre E Leclerc de Gouesnou","1"
"L’ATELIER CHARCUTERIE – Nos Régions ont du Talent","1"
"Source des Garrigues","1"
"Id'halal / neutre","1"
"CITROEN, DS","1"
"Samskara","1"
"Stim E Energy Booster ampoules","1"
"Jambon vendu en tranche au rayon traditionnel-charcuterie","1"
"Pur Regal","1"
"Salaison E. Chavassieux","1"
"NEW NORDIC","1"
"PERLETTI","1"
"ZEFAL","1"
"LES INDISPENSABLES","1"
"LA BOVIDA","1"
"LE PIAN DISTRIBUTION","1"
"Chassagne Montrachet Rouge 2020 37.5cl","1"
"Nuits Saint Georges 2020 37.5cl","1"
"Ballons lumineux","1"
"MY ACCESSORIES","1"
"PUCKATOR","1"
"MAISON LUCAS","1"
"Bigi Mama","1"
"Les Huîtres de Charlotte","1"
"BRIANZA SALUMI di Vismara Luigi & C. S.r.l","1"
"Yayla","1"
"Cadillac","1"
"PATES FABRE","1"
"Nestlé - La Laitière","1"
"LES JARDINS DE L'OCEAN","1"
"EGLO","1"
"CÔTÉ SNACK","1"
"Fournisseur Frime","1"
"Fluffy ball","1"
"Les Brasérades","1"
"EPC","1"
"Citroen et DS automobile","1"
"JELLY BELLY","1"
"JEAN ROZÉ","1"
"Les Paysans Bio","1"
"SAUMON FUME LECLERC","1"
"Squeeze","1"
"Atelier Blini","1"
"SMICY et ESKISS","1"
"Monoprix - fabrication magasin","1"
"O2feel","1"
"Sun & Fun","1"
"CORMAREE","1"
"ibo!","1"
"Bonne Maman","1"
"Coc'Art Créations","1"
"La william","1"
"Le Rôtisseur de Guerlédan","1"
"Prix malin","1"
"Le Petit Breton","1"
"Floxia","1"
"Les Délicates","1"
"Versele Laga","1"
"BIO BLANK","1"
"TECHWOOD","1"
"EVIALIS","1"
"O CONVENTO","1"
"Rayon traditionnel boucherie","1"
"Anne-Sophie Pic","1"
"Charcuterie Bernier","1"
"Karland","1"
"SOLARAY","1"
"LAIT BATTU","1"
"Monoprix BIO","1"
"SUCK UK Ltd","1"
"DIRECT VIANDES - FRAIS ICI - MARCHE OCCITAN - OPARADIS - EPICERIE MARINA -","1"
"FEMINATURE","1"
"TERRE ET TRADITIONS","1"
"Stuifmeel","1"
"JAGUAR","1"
"Moky","1"
"SMOOTHWAYS","1"
"Jay&Joy","1"
"Sherpa Supermarché","1"
"DAT VITA","1"
"LETABA","1"
"PESCANOVA","1"
"FAMILY ELEPHANT","1"
"La Canopée","1"
"SIGNATURE","1"
"NORAUTO","1"
"COLLET","1"
"Maison VIVANT","1"
"FER A CHEVAL","1"
"Earth Sense","1"
"MECAFER","1"
"METZGER-MULLER","1"
"Coolsurf","1"
"GRAND FRAIS","1"
"ASTRALPOOL","1"
"Capitaine Houat","1"
"Jambon blanc","1"
"Campagne de France","1"
"WALKS OUTDOOR  CRANE","1"
"La Girasole","1"
"Poméol","1"
"extra forte","1"
"Cantorel","1"
"La Paimpolaise conserverie","1"
"HelloFresh","1"
"SALEWA","1"
"Maison Tino","1"
"Auguste Lambert","1"
"Saveurs de Terroirs","1"
"FROMAGERIE GUILLAUME","1"
"savon fou","1"
"DUTEL / La Bourgeoterie","1"
"BEAL","1"
"EU PROMOTION","1"
"SO COOK","1"
"RUEL","1"
"LARUNE","1"
"creme crue","1"
"TRADIGRAINE","1"
"NEP CAI HOA VANG","1"
"béné-béné","1"
"LA PHENICIENNE","1"
"Wayley Star","1"
"Steak Haché préparé à la demande rayon boucherie traditionnel Carrefour Dijon Toison D'or","1"
"Duc de Mayenne","1"
"ISPAGHUL","1"
"Les Toqué Bio","1"
"sondey","1"
"Sans marque (Fournisseur: Briogel)","1"
"CANALTOYS","1"
"TABLE PASSION","1"
"VIVA CHIPS","1"
"NGUYEN GIA","1"
"Fromages de brebis","1"
"sud mer","1"
"Delta MOSSEL","1"
"aoste","1"
"LAPIERRE TRADITION","1"
"HUITRES DU BASSIN D'ARCACHON et du BANC D'ARGUIN","1"
"MICHEL DUPUY","1"
"Citroën and DS","1"
"d'aucy","1"
"FLEURS DES CHAMPS","1"
"AMIR'S DECO","1"
"ZHOUYANG","1"
"sans marque ( stand marée ) et carrefour  (rayon libre service ).","1"
"PORCOZ","1"
"George Cannon - Musée de la Vie Romantique","1"
"CASINO - TOUS LES JOURS","1"
"Charcuterie Serres","1"
"LORIENTEX","1"
"EMOUNEL","1"
"CITROEN, DS, OPEL.","1"
"MB","1"
"Raoul Deshildre","1"
"FRESH","1"
"LES CHALUITIERS BOULONNAIS","1"
"Crème de bougie","1"
"My Carrefour Baby Bio","1"
"COQUILLAGES FILTREURS DE L'ETANG DE THAU","1"
"HYDROPASSION","1"
"TENDON","1"
"Planet deli","1"
"Happy Yummy","1"
"Pépite","1"
"BIO MAINE","1"
"Vache Rouge","1"
"YXO","1"
"NT PRO","1"
"Fouganza","1"
"GRUNDIG LED Tueur d'insectes","1"
"DISCHAMP","1"
"WAN SEN   ,   LE GOUT D'ASIE","1"
"DISET","1"
"Marque U -U Bio - Matines - PPX - Eleveurs engagés - Paroles d'éleveur","1"
"Aragan","1"
"Amy Bique","1"
"PRODUIT VENDU A LA DECOUPE","1"
"L'ECOLE DES LOISIRS RECREATIVE","1"
"PAMA S.R.L.","1"
"BROOKLYN","1"
"AO, Marmanu, A Pecurella, Fior di Macchia","1"
"HENRI IV","1"
"DIADEME","1"
"Auchan Le poissonnier","1"
"PRIX TOP","1"
"FYD","1"
"Crow Electronic","1"
"GRAIN DE SAIL","1"
"J'aime le lait d'ici","1"
"Oli&Carol","1"
"VIRIMAX","1"
"HJEM","1"
"Moulin Roty","1"
"La Compagnie Artique","1"
"VIANDE","1"
"Buitoni","1"
"VALFLEURI","1"
"Cuisine du Pêcheur","1"
"BENIGN GIRL - TELEPHONE PRINCESSE","1"
"BIONOPS","1"
"GERMI'NERGY","1"
"Ronckier","1"
"Optim'alp","1"
"GIN GLIDERS","1"
"Domaine Reinach","1"
"CHARLES DU FOREZ CHARCUTIER","1"
"Niclaus","1"
"LACO","1"
"Meguiar’s®","1"
"Nerds Rainbow","1"
"Primi Passi","1"
"ORIENTAL VIANDES","1"
"GIFFAUD","1"
"Pattex","1"
"Pates fraiches rubis","1"
"FLAVIEN","1"
"LA FERME DE CHALLONGES","1"
"FINISHLINE","1"
"U muntagnolu Ghisoni Fior di Corsica Petirosso","1"
"Marcapar Barbier","1"
"Atelier Conserverie - Domaine de Guilhot","1"
"COOKUT","1"
"COOLWAY","1"
"Fromagerie des Frisonnes","1"
"Mouettes d'Arvor","1"
"AVOGEL","1"
"Elodie Details","1"
"YAM'","1"
"E.LECLERC GAILLAC DISTRIBUTION","1"
"Broceliande","1"
"ONETIK","1"
"Laiterie de la Vallée","1"
"Predator","1"
"La Boutique de Pont Aven","1"
"USB FAST CHARGER","1"
"NEGOFISH","1"
"SALOMON","1"
"Le Charcutier - Auchan","1"
"Vendu à la coupe au rayon traditionnel Leclerc","1"
"SIARR","1"
"Fabrique à nuts","1"
"La Turbine à Saveurs","1"
"Carrefour / Carrefour Classic'","1"
"Charcuterie du Nébouzan","1"
"DIVEPRO","1"
"NICLAUS","1"
"ASEEL","1"
"LES RECETTES DE MARIA","1"
"la boite à fromage","1"
"Le bio de Manon","1"
"GATINE","1"
"Barbé","1"
"GASLONDE","1"
"Les éleveurs coopérateurs","1"
"Fromagerie de la Ribière","1"
"W7","1"
"Les toques blanches","1"
"ID HALAL","1"
"FUMACHOL","1"
"Savon de luxe","1"
"BAGHERA","1"
"DRISCOLL'S","1"
"Réauté Chocolat","1"
"KERMAREE","1"
"L'ÎLE AUX PLANTES","1"
"LES VIVIERS de SAINT COLOMBAN","1"
"Itinéraire de nos Régions","1"
"FPE (France Production Electronique)","1"
"Spooky Celebrations","1"
"Languedoc Lozère Viande","1"
"Opel/Vauxhall","1"
"DROPSIL","1"
"coté miel","1"
"Clementoni","1"
"faisselle","1"
"TEC AR FLOR","1"
"CARREFOUR FQC","1"
"PALOURDES JAPONAISES","1"
"Charcuterie Passoni","1"
"SEDEA","1"
"ALPES ALIMENTS","1"
"COMTE FRUITE","1"
"Salaisons RENAUDOT","1"
"Fumage artisanal du Sichon","1"
"MATHON","1"
"NOS RÉGIONS ONT DU TALENT","1"
"Pierre Neau","1"
"Masque Médical Jetable non stérile","1"
"Élaborés dans nos ateliers.","1"
"Leclerc sapiac","1"
"PEAK NUTRITION","1"
"Yuki & Love","1"
"Le Père Grouïck","1"
"Babyoop's","1"
"BS CALVO","1"
"LH","1"
"TORRENT CERAMICAS","1"
"SALAISONS ARTISANALE D'ARDECHE","1"
"LABELL","1"
"LE PATURON","1"
"FERME DUMORTIER  8930 REKKEM Belgique","1"
"le Capipontain","1"
"El Nabil","1"
"CHAMP","1"
"GLOBOS PAYASO","1"
"Fromagerie Blanc","1"
"Peugot","1"
"Ciloglu","1"
"LABORATOIRES SCIENCE ET EQUILIBRE","1"
"Centre E.Leclerc Hirsingue","1"
"Distribution E.Leclerc Surgères","1"
"La fabrique de Philémon","1"
"HORECA SELECT","1"
"La Tourangelle","1"
"FLUFFIES - KEYCRAFT GLOBAL","1"
"Lenz","1"
"Ferme d'Estelle","1"
"RichesMonts","1"
"MORINAGA","1"
"saucisson sec","1"
"Patisserie","1"
"SELECTED TREE LIMES","1"
"Nougat des Flandres","1"
"Les Thomasines","1"
"JEEP","1"
"Uniroyal","1"
"FOURNISSEUR HOMARD ATLANTIQUE","1"
"Equaterra","1"
"biscuiterie de la côte d’opale","1"
"RACINES BIO","1"
"BIOCHAMPS","1"
"Alta-cima2B","1"
"Benefik - Comunik France","1"
"POWER","1"
"AUDI,","1"
"Tajine Banane","1"
"BARONNY'S","1"
"NUII","1"
"Medimasque","1"
"CARTIMAX","1"
"Progel","1"
"GUASCH","1"
"ROCK TECHNOLOGIES","1"
"TRANSITION","1"
"PEGUET SAVOIE","1"
"CHUPA CHUPS","1"
"MAISON NATURA","1"
"BOTICINAL","1"
"ROUXEL","1"
"Huilerie Beaujolaise","1"
"La Barre","1"
"VERNIER","1"
"PALACIOS / TE GUSTA","1"
"TRADITION ET TERROIR DU SUD OUEST","1"
"Naja","1"
"Les Petites Pousses","1"
"Livradois","1"
"Mavies","1"
"SCHAFER","1"
"RGL Rong Gui Long","1"
"BOUCHERIES ANDRE","1"
"INTERMARCHE PRE EMBALLE","1"
"Jean BUREL","1"
"1958 La Pertuisienne","1"
"RETHEL CHARCUTERIE","1"
"LM  (Rodolphe Le Meunier)","1"
"JUST CUTE","1"
"UMAREX","1"
"Due Vittorie","1"
"123 BIJOUX","1"
"Citroën, Peugeot","1"
"Le bio des producteurs - Bonjour Campagne","1"
"La Légumière","1"
"OzAntep","1"
"Fior di Corsica","1"
"Malga di Coredo","1"
"Soufferant viandes","1"
"Huitres de la zone  Grandcamp-Maisy EST  14-160","1"
"HO ME","1"
"M'AMOUR","1"
"Comte de Bellou","1"
"NOVOPHANE","1"
"SCEA du Cerisier","1"
"PANG NIU FOOD","1"
"Jadéo","1"
"MOTS D’ENFANTS","1"
"CHAKS","1"
"MARQUE VINAWANG","1"
"Electrolux/AEG","1"
"Hardy affineur - La Mère Richard","1"
"100% Aussonne","1"
"maison fournet fayard","1"
"MAISON CLEMENS","1"
"Gel pour les mains","1"
"E.LECLERC OUTREAU","1"
"Amand Terroir","1"
"MYCELAB","1"
"Compalia","1"
"Pochat & fils","1"
"KER ARGOET","1"
"Les Blancs de l'Ouest","1"
"DOUDAS","1"
"Sans marque (produit vrac) ou U (produit emballé par le magasin)","1"
"Patrimoine Gourmand - Cora","1"
"MISS FROGGY","1"
"Monts et terroirs","1"
"La Noix Tigrée","1"
"MONTLAIT","1"
"PETITCOLLIN","1"
"fromages de chèvres au lait cru","1"
"Tartelettes assemblées en magasin","1"
"SINGLY SURGELES","1"
"OSTARIA LES MINIS","1"
"Herboristerie du palais royal - michel pierre","1"
"Bomber Card","1"
"Râpé fermier bio","1"
"JOLIJOU","1"
"Altaya - Planeta d'Agostini","1"
"Impression France","1"
"Biothentic - Rayon Epicerie Vrac - LS","1"
"La Précieuse","1"
"HAPPY BIO","1"
"PREMIERE","1"
"Hyper U les Arcs","1"
"Biribirba","1"
"diamond","1"
"KER CADELAC","1"
"Les classiques-Prix malin","1"
"Pégah","1"
"MJ","1"
"Okinawa & moi","1"
"ALNATURA","1"
"brio'gel","1"
"DXR","1"
"TRIGANO","1"
"Kost Eyewear BV","1"
"LDNIO","1"
"NUTRI&FORM CONSEIL","1"
"LAZARO","1"
"YUTTY TREYLER","1"
"GAUTAMA","1"
"Crottin du Morvan","1"
"Un jour une épices","1"
"Bord à bord","1"
"My Carrefour Baby","1"
"Ferme de la bassiere","1"
"Harrys Food Service","1"
"GREEN ART (SOLIA)","1"
"BEBE9 CREATION","1"
"MORFBOARD","1"
"LA BELLE OCCITANE DE BOUZIGUES","1"
"Ferme dumont","1"
"Ti!Bio","1"
"PPNP ( Préparé par nos soins)","1"
"LA FOURNEE DOREE","1"
"GAMM VERT","1"
"Moto Guzzi","1"
"Curcuma Bio 95","1"
"Tous à la plage","1"
"E.Leclerc Aire sur la Lys","1"
"Valeur Sure","1"
"Virtue Health","1"
"Selfie Project","1"
"Thierry Schweitzer","1"
"CHRISTMAS DREAM","1"
"Viva Candia","1"
"ASIECO","1"
"NaturGut","1"
"DOMEDIA","1"
"Happy Halloween","1"
"SALADES PREPAREES PAR NOS SOINS","1"
"Alternatif Nutrition","1"
"Château de Mauny","1"
"Shetlan Sensitiv Weischspûler","1"
"Foodmaker","1"
"Taureau Ailé","1"
"Bleu Amour","1"
"Kapriol","1"
"SCHWAB","1"
"Porc Aveyron","1"
"METALTEX","1"
"DUC VOLAILLE FRANCAISE","1"
"Sèvre et Belle","1"
"OLIVAR","1"
"WALCHLI","1"
"FICELE","1"
"KitKat","1"
"Bestope official","1"
"salaisons des royats","1"
"EASY GRIP","1"
"ARTISAN MAURER","1"
"Marque fournisseur","1"
"2,5 €","1"
"CRUZILLES","1"
"PEPPA PIG","1"
"REO","1"
"Suchel","1"
"OGO LIVING","1"
"MOUSTACHE - SANCHEZ","1"
"Glaces & Cows","1"
"LA FERME DESIRIS","1"
"TRYVITE","1"
"Carrefour / Carrefour Extra / Carrefour Sensation","1"
"Biscuiterie des Pyrénées","1"
"CHARRIER PARFUMS","1"
"GFA Le grand Chemin","1"
"euro santé diffusion","1"
"Marie Harel","1"
"LM NUTRI","1"
"Tim et Puce Factory","1"
"Conus","1"
"AUVERGNE VIANDE","1"
"carré aux orties","1"
"DUKAN BIO ET BIEN PLUS","1"
"Jaguar Power","1"
"FERME HUCKERT","1"
"Schoepfer","1"
"ENERGY CASES","1"
"CABROL","1"
"LAOUZ","1"
"Eleveur de l'ouest","1"
"Oeufs bio","1"
"ALJADID PROFESSIONNEL","1"
"Caresse et Caline","1"
"REGAL DU CHEF QUALITE TRAITEUR","1"
"KAABO","1"
"TOMME DE LEONCEL","1"
"Qualité Traiteur","1"
"Le Valentin","1"
"Pâturage","1"
"lliss classique","1"
"Carte Nature et Kambio","1"
"Han Kou","1"
"Délice de Mendes","1"
"REGAL","1"
"LIVING NATURE","1"
"Bourgain et fils ET Grand Frais","1"
"L'escargot Charlet","1"
"STEMMELEN","1"
"Dacia, Renault","1"
"Le Fleuron","1"
"Kaabo","1"
"Saint- Nectaire Fermier Cantorel","1"
"OTech","1"
"GARCIA DE POU","1"
"Superdiet","1"
"JETTRIBE","1"
"DISTRIBIOCOM - Laboratoire LGB","1"
"Mercredi","1"
"PANGNIU FOOD","1"
"Night Canyon","1"
"LE PETIT LANDREEN","1"
"VIABRICO","1"
"Pro du Cher","1"
"KERMENE","1"
"EID","1"
"AUCUNE","1"
"BIOLOGIQUE RECHERCHE","1"
"Cèleri Branche","1"
"Chaussettes de Noël 3D enfant","1"
"Nutrivita","1"
"IRRIPOOL","1"
"E Leclerc 33230 coutras rayon pâtisserie","1"
"Le Marché  Carrefour","1"
"VAG DECO","1"
"storelashes","1"
"ZARA","1"
"Les Recettes de Mamie","1"
"produit manipulé chez Leclerc Herlin-le-Sec","1"
"Mosco","1"
"AGREABLE","1"
"Maison Roucadil","1"
"Ferme D'HELI'SENS","1"
"CHARAL","1"
"YOOPY","1"
"domaine du parc","1"
"Kingsong","1"
"MOJY","1"
"de la baudriere","1"
"W5","1"
"ETERNAL","1"
"BlendJet2","1"
"black horse vital honey","1"
"Marque Blanche (ERHARD)","1"
"Service compris","1"
"SES-NL","1"
"SimplySupplements","1"
"Florette","1"
"OCEANIQUES","1"
"Producteurs et Commerçants","1"
"Heartland Fragrance","1"
"Hosta","1"
"GUYADER","1"
"PETITE FRITURE","1"
"CBDSOL","1"
"la Ferme de Valats","1"
"PREVENSYS","1"
"viande hachée à la demande","1"
"LE FORBAN","1"
"We love superfood","1"
"Les Halles Solanid","1"
"MARQUE FOURNISSEUR EMILE FOURNIER & FILS","1"
"XTRM FACTORY81 (X81)","1"
"FLASH 1  2  3 les petits génies ou G","1"
"•	coffrets d'eau de toilette de 75mL et de déodorants Initiativ - Van Gils","1"
"Baccara","1"
"MINIMOTORS","1"
"TEAM OUEST","1"
"Medina","1"
"Maison","1"
"La Cocotte Gourmande","1"
"Fiat, Fiat Professional","1"
"KETO SLIM NUIT","1"
"Stim E Energy Booster","1"
"Meili","1"
"REX","1"
"SANS MARQUE, MANIPULE PAR LE MAGASIN","1"
"SIROCO","1"
"ÉDITIONS DU TONNERRE EDT","1"
"Karma Kéfruit","1"
"Jambon persillé maison","1"
"Supermarché MATCH","1"
"ACAPULCO","1"
"EVO","1"
"TIMBERLAND","1"
"GAPPY","1"
"RP","1"
"VIKING INK By Dynamic","1"
"Ets Neau","1"
"Opel.","1"
"CHENE ET FILS","1"
"Le tuyé de Mésandans","1"
"LAMPE EN PLUME","1"
"France Kebab","1"
"Haussmann heritage","1"
"Little balance","1"
"ESC Laboratoire","1"
"overstim.s","1"
"sas les vignes marines","1"
"les ptites cabines","1"
"Les viandes du Haut Béarn","1"
"Grand Frais","1"
"LOU YETU","1"
"espoir jus de fruits","1"
"HDG","1"
"LABEYRIE","1"
"CLEMENTONI","1"
"Koyo","1"
"Vitalthéa / Bioénergies","1"
"CANAL TOYS","1"
"Chaise longue pliante avec oreiller","1"
"BOY N CO","1"
"Gemelli","1"
"CARIBEABEAN TREASURES","1"
"DOONY'S","1"
"Weinsberg","1"
"Douceur du Verger","1"
"Cora","1"
"Boulangerie Yong","1"
"VIABAT","1"
"Babymoov","1"
"Ty Mam Goz","1"
"MAISON MATHIEU","1"
"WEBER","1"
"KÖYTAD","1"
"Sans marque (fournisseur Briogel)","1"
"TRIBORD","1"
"Nature et Cie","1"
"PIC’EXPRESS – Z’APEROS","1"
"KIRN PRODUCTION - ATELIER DE CHEZ NOUS","1"
"duck 'n","1"
"HERBORISTERIE LARMIGNAT","1"
"Garum de Tours","1"
"GIFRER BARBEZAT","1"
"Auvernou","1"
"L'Atelier Fermier de Naves","1"
"Aussitôt Bon","1"
"mazda","1"
"Thaëron","1"
"DAIM MONDELEZ","1"
"EIYOLAB","1"
"Boulangerie E. Leclerc St Brandan","1"
"LUCIA RAPETTI","1"
"E.Leclerc (charcuteries vendue au rayon traditionnel)","1"
"Maitre Jean Pierre","1"
"Point Chaud","1"
"MAGISTER","1"
"nature bio","1"
"NNT","1"
"U muntagnolu Ghisoni Fior di Corsica Petirosso Fium'orbu fleur de lava petit renoso","1"
"Tema Promotional gifts srl","1"
"SLIMYZ","1"
"Seazon","1"
"RILL","1"
"Klausen","1"
"BUKOWSKY","1"
"HIMALAYA","1"
"MG Motor","1"
"BIOTECHNIE","1"
"MIEUXA","1"
"COMBEAU","1"
"ATB MEBLE","1"
"DISANA","1"
"Shuyibaby","1"
"Centre E.Leclerc Blois","1"
"Santenay rouge 2020 37.5cl","1"
"Scamer","1"
"GPH DIFFUSION","1"
"THERALICA","1"
"capitaine houat","1"
"TOP CLEAN","1"
"Les Cassis d'Alice","1"
"HAYAKAWA","1"
"EARL DE VILLIERS","1"
"Cahill's","1"
"LEHNING","1"
"HARMONY","1"
"CARRETERA","1"
"Le sojami","1"
"WIDMANN","1"
"Cochon des prés","1"
"FRECH SEAFOOD SEYCHELLES","1"
"Sans marque _ sous vide _ 2kg","1"
"ID halal","1"
"Fromagerie Laistelle","1"
"AFRO ASE","1"
"Glam'Up Paris","1"
"GUIRCA","1"
"Château de Beaulieu","1"
"Délices des 7 vallées","1"
"Le Buron","1"
"KONGES SLOJD","1"
"Antoine SABATIER","1"
"L'Atelier des fruits et légumes","1"
"CORENTIN KERMEUR","1"
"BROSSARD","1"
"Schinkenhof","1"
"PROLAINAT","1"
"Porc de nos Villages","1"
"Carrefour classic","1"
"MAGASIN","1"
"GW","1"
"Carrefour Home","1"
"PIERRE SCHMIDT","1"
"Neutre / Id'halal / Medina Halal","1"
"Fermier de l'Ain","1"
"Le Marsigny®","1"
"ZooParc de BEAUVAL","1"
"ZODIO NOOK","1"
"L'Etal du Boucher","1"
"PRINCESSE INDIANA","1"
"LA CHAPPENOISE","1"
"METRO Professional","1"
"SELECTION DU MONDE","1"
"SUBEA","1"
"L’ATELIER TRAITEUR","1"
"Baskeriu","1"
"L'empreur","1"
"CLINUTREN","1"
"MUSIC STAR","1"
"Grand frais","1"
"Tome de Bray Fraîche","1"
"Les saveurs du Clavon","1"
"SELECTION DU TERROIRS","1"
"LILY TOQUES","1"
"epic (high quality seafood)","1"
"Jaguar Land Rover Limited","1"
"Fiat professionnal","1"
"PUKKA","1"
"Paccard","1"
"Baccarat","1"
"Au Jambon de Bourgogne","1"
"Maternov","1"
"SPINNER M.A.D.","1"
"BDG+","1"
"Placote","1"
"Fashion earing","1"
"Carrefour Bon Appétit","1"
"WE LOVE SUPERFOOD","1"
"FLOREPI","1"
"RAIN IRRIGATION","1"
"DELICE'IK","1"
"Herbesan","1"
"DISTRIBIOCOM - laboratoire LGB","1"
"BOULANGERIE INTERMARCHE MONTRICHARD","1"
"AUCHAN LE CHARCUTIER","1"
"CP INTERNATIONAL","1"
"ty producteurs","1"
"Flavour Power","1"
"Meursault 2020 37.5cl","1"
"ILLER","1"
"WN-2015","1"
"en barquette sous film au rayon libre service ou en vrac au rayon traditionnel","1"
"DAILY MONOP","1"
"PERSAVON","1"
"Fumage Artisanal du Sichon","1"
"YERBATRANSIT","1"
"Mama Sita’s 40g","1"
"Oxelo","1"
"NOCIBE","1"
"REGAIN BIO","1"
"TINY COTTONS x MONOPRIX","1"
"Simpl","1"
"Marmanu","1"
"sans (vendue au rayon traditionnel)","1"
"EMB 94073Le","1"
"TIBELEC","1"
"Abeien","1"
"TEXAM Professional","1"
"Selection des grands chefs","1"
"Harley Davidson P&A","1"
"Hello Girls","1"
"Phytoquant","1"
"Oligoroyal 5G","1"
"SYSTEME U","1"
"Le Banc d'Aline","1"
"FRAGONARD","1"
"ERIC FAVRE","1"
"AM nutrition","1"
"METRO PREMIUM","1"
"CLEDIST ANTIOXYDANT","1"
"Parfumerie Am Diffusion, Corania, Coscentra, Eau de Cologne Molygan, Eaux parfumées et Shampoing My Llama, AIR VAL International, Crème Myrel, Lait Corps Callibelle, Lotion Mr/Mrs","1"
"VEJIA","1"
"BEUCHAT","1"
"SOLEANE ET MON POTAGER","1"
"Seillac","1"
"Eovolt","1"
"Mama Kana","1"
"JUSTIN BRIDOU","1"
"Gristette","1"
"First Iron Systems","1"
"AUCHAN Pouce","1"
"TINEO","1"
"Les Créations","1"
"LA REDOUTE","1"
"MCCM","1"
"Army Painter","1"
"Joséphine: alternative végétale fermentée et affinée au lait d'amande","1"
"Sambro","1"
"KERMAREE / SU / CARREFOUR / INTERMARCHE","1"
"PARC ASTERIX","1"
"ITM MMP / Vrac","1"
"VOLAILLES REMIN RAMON","1"
"HERZBERG","1"
"ASSORTIMENT  SANS MARQUE","1"
"HERTA","1"
"les salaisons de Meillonnas","1"
"GÜ","1"
"croquez bio","1"
"GAEC du Maupas La vache Brennouse","1"
"SONDEY","1"
"Barnabé aime le café","1"
"Charcuterie Begein","1"
"Blue Ice","1"
"TI PO PEYI","1"
"Pachamama-phyto","1"
"FERME AUBERGE WASSMATT","1"
"Bass & Bass","1"
"UGAS","1"
"L'Oie gourmande","1"
"SAR'OCEAN","1"
"SRAM","1"
"Klaus","1"
"MASCARIN","1"
"Bicycle Tire Repair Kit","1"
"Le Bleu T Thé & Infusion","1"
"Pommette","1"
"Distrimers","1"
"Brillianz","1"
"Atelier des Remèdes Oubliés","1"
"PITAYA","1"
"marque le gascon","1"
"A Capella","1"
"FITCH BIKE","1"
"AUCHAN/POUCE","1"
"Diadème sirène LED","1"
"vendée chèvre","1"
"Labo Santé Silice","1"
"beurre nature et demi sel","1"
"INTERPHYT","1"
"JOUCEO","1"
"CAP A L'OUEST","1"
"LU - Granola","1"
"BOUCHERIE COSME","1"
"GIRO","1"
"Beauty Success","1"
"Ghisoni brebis  350g","1"
"PUFFY","1"
"COVALLIERO","1"
"PHYT'AVANS","1"
"STREET KITCHEN","1"
"Twnetyfeet","1"
"Maison du Gruyère","1"
"GILBERT","1"
"GAVROCHE Céréales","1"
"Knaus","1"
"OTTOGI","1"
"ELECTRALINE","1"
"G","1"
"SYSTEME U BIO","1"
"Gorges de l'Aveyron","1"
"Bioday","1"
"KAWASAKI","1"
"Produits vendus sur le site Le Créatif","1"
"SERGENTMAJOR","1"
"CENPAC","1"
"PRAISE","1"
"AGE DE L'EAU","1"
"Sans marque  produit vendu au rayon traiteur traditionnel","1"
"Yutty treyler","1"
"YSIANCE BIO","1"
"CHAFT","1"
"MARCA B&SC","1"
"Oishi","1"
"MTM AROMA","1"
"GIE BERRY TOURAINE","1"
"incinaturel","1"
"Vallée Torréfaction - Maïs ambré biologique","1"
"cooper","1"
"Super Soco","1"
"Leclerc Trie-Château","1"
"THIERRY DUHEC","1"
"My Jolie candle","1"
"Candide","1"
"SAINT JEAN","1"
"LG","1"
"Vitasia","1"
"Multi fit","1"
"Algam Lighting","1"
"AGIDRA","1"
"Laboratoires Herbolistique","1"
"ASIANE CUISINE/ ORIENTAL MERCHANT","1"
"Zuru","1"
"LA FERME DES VERDAIS","1"
"LITTLE TEETHER","1"
"VITO","1"
"SKF","1"
"Laboratoire NaturAvignon","1"
"-ORFITO","1"
"Yoplait","1"
"Cien","1"
"COCA COLA","1"
"CLOS SAINT SOZY","1"
"Star Wars","1"
"SUPRA SVELT","1"
"Vente au rayon traditionnel","1"
"ADVENTURE FOOD","1"
"VIA MONDO","1"
"TRADIZIONI D'ITALIA","1"
"CUP CAKE CANDY","1"
"Imaginéa","1"
"La Potion","1"
"Ferme de Tanvol","1"
"FISH BRENNE","1"
"LE CHOUAN","1"
"JJA","1"
"opel","1"
"Herzberg","1"
"la glace","1"
"Pays gourmand","1"
"SAVEURS DU JARDINIER","1"
"B&S La Pause","1"
"La pâtisserie pour tous","1"
"Rock Empire","1"
"Dom Petroff","1"
"TOURAINE","1"
"Alpina Bebida de avena","1"
"fromagerie de la chapelle saint jean","1"
"NECTAR OF BEAUTY","1"
"Le Comptoir de Mathilde","1"
"Ambrosi","1"
"HALAL LE MINARET","1"
"BLUEBUS","1"
"Lacor","1"
"Glass Baron","1"
"PRODUIT VENDU AU RAYON BOUCHERIE","1"
"FISKARS","1"
"Sauce Sweet Chili 0 % - 250 ml","1"
"AIA","1"
"Nutrisanté","1"
"Auzou","1"
"Senya","1"
"en vrac au rayon Traditionnel","1"
"Ch'ti","1"
"Bocquet","1"
"can-AM","1"
"A chaque fête sa déco !","1"
"KIRI","1"
"Laboratoires IPHYM","1"
"Ta Energy","1"
"DELICE IKBAL","1"
"BIBS","1"
"SING QUANG YIN","1"
"OXELO","1"
"BIOLISSIME","1"
"Bauck Hoff","1"
"Les Vallées de l'Ardèche","1"
"LE CAFE DU MARCHE","1"
"GEORGES HELFER","1"
"PATISDECOR","1"
"Forclaz - Décathlon","1"
"BUT","1"
"Devialet","1"
"OEUFS DE NOS REGIONS","1"
"La Chevrie","1"
"Rollot","1"
"ARAGAN","1"
"BELCANDO","1"
"MOUETTES D'ARVOR","1"
"Véritable","1"
"SIDAS","1"
"HUBLOT MODE MARINE","1"
"Maitre-Jacques- Maison Bouchère","1"
"Tomme de bailleul","1"
"benelli","1"
"OKOLAND","1"
"MÉLATONINE VÉGÉTALE","1"
"Petrigel","1"
"Siebert","1"
"LERUTAN","1"
"Orsero, vrac","1"
"MondayBox","1"
"DESPI LE CHARCUTIER","1"
"HK DESIGN","1"
"OIGNON BLANC BOTTE","1"
"OUT OF THE BLUE","1"
"LE COQ NOIR","1"
"Brousse","1"
"A.M.T./FEVICOL","1"
"DEEP FRESH","1"
"SERKEROGLU TAHIN 460GR","1"
"MILSA","1"
"BELLOTA BELLOTA","1"
"QILIVE","1"
"Carrefour sensation","1"
"PEGUET","1"
"Fromagerie Arnaud","1"
"PERL'AMANDE","1"
"HENRI RAFFIN","1"
"DEFENDI","1"
"PETIROSSO / OTTAVI","1"
"Foodcheri","1"
"Protection","1"
"ZONTES","1"
"Media Diffusion","1"
"Keraliou","1"
"curcumaxx C+ extra fort","1"
"LE CHARDON BLEU","1"
"ELABOREES DANS NOTRE RAYON PATISSERIE","1"
"Le Moulin du Pivert","1"
"CHOUX BIDOU","1"
"PREMAMAN","1"
"Cedatec","1"
"Olive et Marius","1"
"SURF SYSTEM","1"
"VEGGIE MARCHE","1"
"Naturata","1"
"Intermarché Seysses","1"
"Stade Rennais","1"
"Cave d'Augustin Florent","1"
"Sicard","1"
"ELABOREE SUR PLACE","1"
"Delices d'Anvers","1"
"EMMARY","1"
"PROSTEP","1"
"Saveurs d'Alsace","1"
"Charcuteries Richard","1"
"palzola","1"
"CDV VILLEPINTE","1"
"La ferme des Clauzolles","1"
"Le farto de Thones","1"
"COOP VAL D'ARLY","1"
"CHARCUTERIE PIERRAT","1"
"Servidis","1"
"LECLERC Montval Sur Loir","1"
"sans marque (vendu au rayon marée avec service)","1"
"Le vigneau de Licques","1"
"E.LECLERC GRAULHET","1"
"PLASTIMYR","1"
"KABAYA","1"
"Instant Traiteur","1"
"MONTS et TERROIRS - Sélection crémier","1"
"Volkswagen (VW)","1"
"Formula Baby","1"
"STC","1"
"SANS MARQUE (emballés et étiquettés en magasin)","1"
"Byzance","1"
"utile rayon traditionnel","1"
"Vie de Château","1"
"NIPPON","1"
"sing quang yin","1"
"Maison Monterrat","1"
"Vermenton","1"
"Idéal","1"
"Grizo","1"
"Yoplait Tentation Patissière","1"
"MUVI","1"
"ST URSIN","1"
"HAKE","1"
"Little Gustave","1"
"BODY & FIT","1"
"JARDIN VEDA","1"
"Parkside","1"
"Sans marque (Fournisseur BRIO'GEL)","1"
"Fromagerie du Lac","1"
"ELECTRA PLUS taille 12","1"
"peau d'âne","1"
"COTES DU RHONE - LEGENDE DES TOQUES","1"
"Terre de Saveurs","1"
"KEO","1"
"Bio by Oxalia","1"
"L'ARDOISE DU VOLAILLER (FRANPRIX)","1"
"Peluche","1"
"Parents","1"
"QUINOLA","1"
"Glaces en fête","1"
"Candy Blox","1"
"ATELIER COLLET","1"
"leclerc Saint Nazaire","1"
"Castelain","1"
"Miguelgorry","1"
"Select & go","1"
"DIBEX","1"
"Stand Boucherie Trad","1"
"EASEWELL","1"
"Génerique","1"
"DE NHAT","1"
"Sairo / Amalfi men","1"
"Asian choice","1"
"Hiruak","1"
"MOOVWAY","1"
"Combelle","1"
"BULOTS CUITS NATURE VENDUS A L'ETAL POISSONNERIE","1"
"PRALIBEL","1"
"EATALY PARIS MARAIS","1"
"BELLE ROSE DE PARIS N2","1"
"Wandernana","1"
"TOMME DE BAZAS","1"
"ECOTABLE","1"
"Ningbo Huasheng Co. Ltd - SCHEPPACH","1"
"KIPRUN","1"
"FROMAGERIE DU VIVARAIS","1"
"MAISON CHAPUIS","1"
"Le Perpezac le Noir","1"
"C'ZON","1"
"B&S La Cuisine","1"
"VELUX","1"
"VAL D'AY","1"
"Eternal ink","1"
"P[V]RE","1"
"Intermarché","1"
"VALBERG","1"
"PALOURDES DU BASSIN D'ARCACHON et du BANC D'ARGUIN","1"
"Nous anti-gaspi","1"
"ALDI","1"
"Beka","1"
"Toutes marques","1"
"ROLKEM","1"
"Squeez","1"
"Casa y Menaje 20115 SL","1"
"Adaptateur chargeur blanc modèle  CJ-50100CZW 7643","1"
"Dino World","1"
"KEMA-KEUR","1"
"Le Chevrier des Crays","1"
"Les Tilapins de Casino BIO","1"
"E.LECLERC LA CRAU - Les mains dans la pâte","1"
"BRISSON","1"
"LA FERMIERE","1"
"YCOO","1"
"SPONGE CAKE marque Fundiez","1"
"Coup de pates","1"
"BOUCHERIE TRADITIONNELLE","1"
"La Ferme d'Ana-Soiz","1"
"Volkswagen Zubehor","1"
"Lässig","1"
"NOUS Anti Gaspi","1"
"BEPPI CLASSICS","1"
"Thiriez Selection","1"
"U et PRIX MINI","1"
"SAVEURS DE L'EST","1"
"DOMAINE DE BEAUVOIR","1"
"Lilliputiens","1"
"Ogo Living","1"
"PIDY","1"
"PB COSMETICS","1"
"YUTTY","1"
"les Tropéziennes","1"
"LPG","1"
"Zakuw","1"
"STAND AUCHAN","1"
"SANS MARQUE : FOURNISSEUR COMPAGNIE MADRANGE","1"
"Miquelrius - Apli Paper SAU","1"
"TSR TUMERIC POWDER HALDI","1"
"BEHAPPY","1"
"SMILING FISH","1"
"Prince de bretagne","1"
"L'Empereur","1"
"trois kilos sept","1"
"DISTRIBIOCOM - LABORATOIRE LGB","1"
"pb cosmetics","1"
"Le Parti du Thé","1"
"Palais des Thés","1"
"LEDVANCE","1"
"S&B","1"
"VIRTUE HEALTH","1"
"SULTAN","1"
"Laboratoire Beauchamp","1"
"CIMENTOL","1"
"ELIBIO","1"
"Franelec","1"
"EuphytoseConfort Intestinal","1"
"REFLET FRANCE","1"
"leclerc sapiac","1"
"TERRES D'ORIA","1"
"Reine du nord","1"
"PORC 71","1"
"PRB","1"
"ATOTTE","1"
"Macon-Lugny les Genièvres 2021 37.5cl","1"
"Champiloop - Tartiloop","1"
"LIORAVI","1"
"Salaisons Dijonnaises - Antoine Sabatier","1"
"BADY CART","1"
"MOULES MAISON TAILLEPIED","1"
"Beurre de vaches rouges Flammandes","1"
"Volvo Trucks","1"
"Rillettes de canard","1"
"FIRST RACING","1"
"GELCO DESIGN","1"
"Myleore","1"
"arrivé","1"
"Soft Friends Baby","1"
"KOKOON","1"
"Atelier Ryokan","1"
"LES GOURMANDISES DE SOPHIE","1"
"Le nappage","1"
"Remède Naturel","1"
"Producteur DE SOLAR COMPANY (Solar Farms)","1"
"Les messagers des saveurs","1"
"Pas de Marque","1"
"Al Wadi","1"
"OTIO","1"
"abido","1"
"PISCICULTURE DES EAUX DE L'INVAL","1"
"VOLTMAN","1"
"CAMION","1"
"Bio Atlantic","1"
"Intermarché Brou","1"
"Davert","1"
"Calor","1"
"Fleurus Editions","1"
"Tous les Jours","1"
"Coopérative du Val d'Arly, Dent du Chat, Metro Chef, Patrimoine Gourmand, Mmm! , Itineraire des Saveurs","1"
"GAEC DU MOLLARD","1"
"FERME DU CIRON","1"
"Trevijano","1"
"KARETHIC","1"
"Rotisserie Centre E Leclerc de Gouesnou","1"
"Volailles RENE MEYER","1"
"SFPA","1"
"Challenger","1"
"ARTISLACH","1"
"Cinq Degrés Ouest","1"
"Fx toys","1"
"Chrisfish Danemark","1"
"COURTHIAL","1"
"SATORIS Santa Margarita","1"
"Casino, Franprix, Leader Price, Monoprix","1"
"TIBTOP","1"
"Elevage DURAND","1"
"Tabu","1"
"VULCAIN, SICLI, INTEGRAL, MATINCENDIE, GLORIA, INDIUM, MAT TOP","1"
"Dom Duarte","1"
"L'étal du boucher","1"
"Nature Planet ApS","1"
"BOUH !! Lafoir'Fouille","1"
"AlgoSource","1"
"NATURAL HAPPINESS SEED MIX","1"
"FROMAOCEUR","1"
"sans marque (vendu au rayon traditionnel avec service)","1"
"Fruits","1"
"Œuf de tortue à faire éclore (Growing Egg Turtle)","1"
"Tristar","1"
"Château Saint Roman","1"
"CHARCUTERIE GABRIEL","1"
"Pierre Bertrand","1"
"POP GIRL","1"
"LA ALEGRIA RIOJANA S.A","1"
"himalaya herbals","1"
"LES IDEES DU BOUCHER","1"
"SARL LALBA","1"
"TOUS LES JOURS","1"
"LES ŒUFS GESLIN","1"
"Fromagerie Christian BAK","1"
"BE HAPPY","1"
"America","1"
"IRRIJARDIN","1"
"WANG","1"
"MAISON MONTS et TERROIRS","1"
"CHUNG JUNG ONE","1"
"saslefumoir","1"
"ARIZONA","1"
"BMW motorcycle","1"
"juglaret jean michel","1"
"okoland","1"
"TOBLERONE MONDELEZ","1"
"Ferme du champ de l'étang","1"
"RIOU","1"
"Merguez du boucher vendues au rayon traditionnel boucherie","1"
"SOLEANE (SOLEANE MON POTAGER)","1"
"ELLA ELLA","1"
"Green Owl","1"
"Atelier du Poissonnier","1"
"Sans marque, ficelle picarde vendue en vrac","1"
"préparé par le magasin","1"
"Sodebo","1"
"PETIT PRIX","1"
"LAXURIA POUR HOMME","1"
"non concerné","1"
"Lulu Castagnette","1"
"Interne","1"
"ATOMIC ARMADA","1"
"Mr Maria","1"
"ISN","1"
"Weider","1"
"Pilpa","1"
"KNORR","1"
"P'TIT CLOWN","1"
"Fumage du val de lys","1"
"PURINA ONE®","1"
"GOLFO NUEVO","1"
"PLIN","1"
"HAMI FORM","1"
"Ottogi","1"
"BIOCYTE Longevity","1"
"Nouaille","1"
"Petite Amélie","1"
"Asian Choice","1"
"LES FLEURONS","1"
"7Line","1"
"BIO VILLAGE BEBE","1"
"123 gelules","1"
"ARHUMATIC","1"
"ACTIVIA","1"
"Sélectionné par nos charcutiers !","1"
"Medina Halal / ID'HALAL","1"
"Michael Kors","1"
"Neutre / Legaulois pro","1"
"Manuia,","1"
"GAEC de la Combe du Val / Sardélices","1"
"CASA RAMÓN","1"
"Coopérative du Val d'Arly, Fromages des Halles","1"
"HAIRFAX","1"
"Maisons du Monde","1"
"sans marque (Fabriqué en magasin)","1"
"M.A Brochette","1"
"LICORNE COLLECTION","1"
"MONOPRIX BIKE","1"
"Baïonade","1"
"GAEC LE Semnoz","1"
"LES JARDINS OSTREICOLES DE TATIHOU","1"
"Mkto","1"
"REGENT'S PARK","1"
"Côté marché","1"
"La Blonde du Pilat","1"
"PALDO","1"
"Pescanova","1"
"CAKE DECOR","1"
"RAYMON, GASGAS, HUSQVARNA","1"
"Elaborés sur place","1"
"GROUPE BARBA","1"
"IGP Ardèche","1"
"BEILLEVAIRE","1"
"MIGUELGORRY","1"
"Ferme du mourié","1"
"MIX","1"
"McKINLEY","1"
"We go board","1"
"Kmt Style","1"
"POULE ET COQUE","1"
"XANLITE","1"
"Freshona","1"
"Tendre et Plus","1"
"FLYING TIGER COPENHAGEN","1"
"Munster AOP Fermier Grand Sapin","1"
"JR","1"
"CHICCO","1"
"Toque du Chef Limited edition","1"
"Heer","1"
"ZELIO","1"
"L'atelier ROUFFIAC","1"
"Little Dutch","1"
"TUBELESS TIRE REPAIR KIT","1"
"OPTIZEN 24   / SILACAPS VASCULAIRE","1"
"Adrien Peyrolles","1"
"Ferme de Fontmorin   Devaux Vincent","1"
"GO PHYTO","1"
"KIMPLAY","1"
"Time to celebrate","1"
"AROMA-ZONE","1"
"MY COSMETIK","1"
"GRAINDORGE","1"
"PETIT LEONCEL","1"
"LA SAUMONERIE DE CHOISY","1"
"PROSPERITE","1"
"janod","1"
"archiv","1"
"Mowi","1"
"WILD COUNTY","1"
"KIOTIS","1"
"BABYDAM","1"
"La P'tite Chipeuse","1"
"Nina","1"
"Sans marque (vendue au stand traditionnel)","1"
"Salaisons de Saint Sauveur","1"
"BIO VILLAGE de Marque repère","1"
"KARACTERMANIA","1"
"SANAVI","1"
"Keycraft","1"
"Metaferrine","1"
"S.C.A. JOSI-MAR","1"
"REFECTORY","1"
"LIPTON et ELEPHANT","1"
"QUART DE LAIT","1"
"5Five","1"
"Pays Gourmand","1"
"spectrof","1"
"NOVATEXT SOCIETE ALLEMANDE","1"
"TORRENT CERAMIC","1"
"Carrefour le marché","1"
"Bac Rhum Raisins 900m La Laitiere  ®","1"
"EL ANDALUZ","1"
"MAGMA","1"
"CYTOBIOLIFE","1"
"SKATEBOARD ÉLECTRIQUE MOTION CONTROL CRUISER 2.0","1"
"Vital Beauty","1"
"Bovetti Chocolats","1"
"Litchis","1"
"CHEVRIER des CRAYS - CHEVRIGNY","1"
"TREX","1"
"Sélection du volailler","1"
"HOME FIRST","1"
"DOONYS","1"
"HOT CHIP CHALLENGE version 3g et 2,8g","1"
"GIMEX","1"
"BLH","1"
"LABORATOIRES PHYTOCEUTIC","1"
"E.Leclerc La Pardieu","1"
"Native Açaï","1"
"Les recettes cuites au chaudron","1"
"camembert","1"
"Bon Normand","1"
"Idées de Saison","1"
"GLASSYCOOK","1"
"METRO  PROFESSIONAL","1"
"LU - HEUDEBERT","1"
"Supermarchés MATCH","1"
"HAIR ON PROFESSIONALE","1"
"Bien fait","1"
"Saveurs de nos Régions","1"
"DESJOYAUX","1"
"CAPITAINE HOUAT","1"
"Hinano","1"
"Steent'Joie","1"
"YZAKI","1"
"SILICE ORGANIQUE","1"
"Laboratoire Giphar","1"
"PAVO","1"
"ACTION 5 PLANTES","1"
"Les pêcheurs des Calanques","1"
"NO NAME","1"
"Leduc","1"
"L’étal du boucher","1"
"Camembert Flamand","1"
"Tower","1"
"Producteur: Basidi Production / Distribué par Alterbio","1"
"VAGUES GOURMANDES","1"
"KING D'HOME","1"
"GLIMMIES","1"
"Vente au rayon traditionnel du 26/10/21 au 31/10/21","1"
"INDOMIE","1"
"NUTRIPLANT","1"
"SPEEDTROTT","1"
"AUN Paris","1"
"Khanum","1"
"earl sarda","1"
"Montmorillon","1"
"BABBOE","1"
"Activilong Acticurl","1"
"ATELIER BLINI","1"
"L'apéritif au jardin","1"
"U Saveurs","1"
"kai shun da","1"
"Tarmak","1"
"Dilecta","1"
"CGF Charcuterie","1"
"Provol & Lachenal","1"
"aux spécialités réunies","1"
"Van Gils","1"
"Fiumorbu Brebis 350g","1"
"ZAINAB","1"
"L-DOPA 125mg du LABORATOIRE ORONALYS","1"
"Grand Antonin","1"
"VALDISPERT","1"
"HAWK","1"
"Les Graminades","1"
"NINA RED BEANS","1"
"SAVEURS DES ALPES","1"
"jadeo","1"
"Le CBD du Nord","1"
"SANS MARQUE (VRAC)","1"
"FARO","1"
"MERICQ","1"
"Contrefaçon - Frozen 2","1"
"Arma","1"
"Huitres de la zone  Grandcamp-Maisy OUEST et Géfosse-Fontenay  14-161","1"
"Nanosupps","1"
"Mitsubishi Fuso","1"
"PUR REGAL","1"
"RENAULT ALPINE","1"
"Conserverie Keroman","1"
"Esprit Bio","1"
"BEN ET FILS","1"
"La Thur","1"
"CHEMICAL.STORE","1"
"A l'ossaloise  Mr Pomme Saint Gaudens","1"
"LES DELICES DE MARJORIE","1"
"MAISON CHEVALLIER","1"
"MAMA SITA'S","1"
"APURNA","1"
"ANDRE COLLET","1"
"Karno-Motorsport","1"
"Schnitzer","1"
"Hollywood glamour","1"
"Porc71","1"
"FERME DE BIGNAC","1"
"chtoura garden","1"
"Rock Exotica","1"
"THALION","1"
"PALIRRIA","1"
"Ferme de Laspeyrières","1"
"ForX5","1"
"VIKING INK by DYNAMIC","1"
"Tomme vache","1"
"Saint-nectaire fermier AOP sur paille le pailloux","1"
"BUBBLICIOUS","1"
"TNB","1"
"ELABORE AU RAYON PATISSERIE TRADITIONNELLE","1"
"LA MARIOLE","1"
"Monoprix gourmet","1"
"PERLYNE","1"
"COCOMELON","1"
"EDY Nature","1"
"SECRET D'AFFINEUR","1"
"LA TOME DE BEZENET","1"
"Polaris","1"
"LES CREATIONS","1"
"OK","1"
"LESCURE","1"
"Bio Atlantique","1"
"Légendes Gourmandes","1"
"Vichy","1"
"Activités de Princesse","1"
"ELPOZO","1"
"KELLOGG'S","1"
"il mio girasole","1"
"Laboratoires Ilapharm","1"
"AM STYLE","1"
"ALSTOM APTIS","1"
"Careline Medisafe","1"
"Cora Dégustation","1"
"EVATRONIC","1"
"Intrait Marron d'Inde","1"
"H.market Sélection","1"
"Tartelette fruits Trad.","1"
"Pêcheries Sétoises","1"
"gaec mistral","1"
"SCOCIETE LAITIERE DE VICHY","1"
"TRAITEUR","1"
"Herens et aucune marque","1"
"Rayon Fromage à la coupe","1"
"Kool-Aid","1"
"Ghisoni U fium'orbu petit renoso","1"
"E.Leclerc Saint-Just-en-Chaussée","1"
"Muscat moelleux","1"
"POULAILLON LES ATELIERS GOURMANDS","1"
"SAISSE & Fils","1"
"Peugeot - Citroën - DS","1"
"LASERPEGS","1"
"CEVEN AROMES","1"
"Anchois Roque","1"
"OYSHO","1"
"BIOREAL","1"
"Pain surprise campagne tranché - 32 sandwiches - surgelé","1"
"LE BORVO","1"
"NAPOLEON","1"
"SA FASSIER","1"
"CBD LOVELY","1"
"KONYKS","1"
"MINISO","1"
"MILKA","1"
"NEDIS","1"
"Oat King","1"
"EH","1"
"HORSEMOI","1"
"MONIN","1"
"PERFORMANCES SAS ALPESPACE","1"
"GAMMA JIAMA","1"
"Ferme les Avoineries","1"
"ASG","1"
"Sans Marque - fabrication par le magasin","1"
"CASINO DOODINGUES BIO","1"
"Nutranat","1"
"BOUCHERIE BOUILLIER","1"
"Laboratoire Biologiquement","1"
"Grundig","1"
"WK","1"
"PAIN 9","1"
"FERME DE CLOUGERES","1"
"Charcuterie Herrmann","1"
"Ogc Nice","1"
"MOBILE LIVING MADE EASY","1"
"Support HOLDER","1"
"Now Foods","1"
"Samia","1"
"ELLA BACHE","1"
"MAROMAX","1"
"SARL DOLLEANS","1"
"SHD","1"
"Traiteur Leclerc Enval","1"
"VITAM","1"
"Pédelhez","1"
"pafuluo","1"
"FRANCE CHEVAL","1"
"Biosynex","1"
"CHARCUTERIE COMMENGES","1"
"Flora Natura®","1"
"La ferme de la vieille abbaye","1"
"Chausson","1"
"SYSCO","1"
"BIGARD","1"
"Jovencia","1"
"Fabrication maison","1"
"La Trinitaine","1"
"Les délices de l'atlas","1"
"ALICE & LES PITCHOUNES","1"
"Bons Mayennais","1"
"ENTREMONT","1"
"La ferme fermier au lait du jour","1"
"FLEURANCE NATURE","1"
"Volkswagen, VW","1"
"MQS","1"
"FERME GINEAU - INVITATION A LA FERME","1"
"Ap'Iphym","1"
"Durra","1"
"Bleu","1"
"PHYTORESEARCH","1"
"Alliance Producteur","1"
"Volailles Champenoises","1"
"BIOCYTE KETO","1"
"DISTRISUD","1"
"Giggle and GROW","1"
"Biogaran conseil®","1"
"SUD TRADING COMPANY","1"
"Mondelez","1"
"Fromagerie Monnin","1"
"FLOUP ET FRUISSON","1"
"LECLERC HOUTAUD PATISSERIE TRADITIONNELLE","1"
"Habitat","1"
"HUITRES DE BOUZIGUES","1"
"MINH DUONG","1"
"VERT VALLON","1"
"Lapin du plat pays / Tradiflandres Lionor / Volaé","1"
"Pantaloni Jean Marie","1"
"Armétal","1"
"GINGERLY","1"
"VENDU AU RAYON TRADITIONNEL","1"
"Bayard Jeunesse","1"
"ScrapCooking","1"
"daqui","1"
"ZEEUSE MOSSELEN","1"
"CAT LASER EDCO","1"
"LE TRAITEUR FRAIS","1"
"Dragées Anahita","1"
"Provamel - Alpro","1"
"VITAVEA Bien-être","1"
"Frisette","1"
"intermarché pamiers","1"
"Ré CLEAN","1"
"Sawat-D","1"
"MOSCO","1"
"INTERSTOVES","1"
"Simpl (Carrefour)","1"
"Jeux 2 Mômes","1"
"SAMBRO","1"
"FITOFORM","1"
"E. Leclerc Chantonnay","1"
"CACHE CACHE","1"
"PLAY IN","1"
"MORTIS","1"
"Maxicâlin","1"
"EXTRA CARREFOUR","1"
"HUITRES DE BOUZIGUES - HUITRES DE CAMARGUE - HUITRES DE BOUZIGUES BIO - HUITRES ST MARTIN - HUITRES SIGNATURE SANCHEZ","1"
"Halloween","1"
"Saumon prêt à fumer","1"
"Affineur du Chef","1"
"BIO DE LOUE","1"
"TROPICAL SUN","1"
"Ferme gourmande","1"
"Renault, Volvo","1"
"Harley Davidson","1"
"Unu","1"
"SORBETS PLEIN FRUIT LA BLANCHE HERMINE","1"
"Provamel","1"
"Diy lilttle world wen sheng","1"
"Fitbit","1"
"NAT&VIE","1"
"MyPlush","1"
"DEPUYDT","1"
"Ain Doudou de Mamou","1"
"star sweets","1"
"HOT PIPING","1"
"SEAFOOD FROM D R COLLIN","1"
"Foie gras mi-cuit","1"
"DEMI SEC LE BEZENET","1"
"Nectar of bio - Les Cosmétiques Design Paris","1"
"Bourgain et fils et Grand Frais","1"
"Sans marque (fournisseur Brio'gel)","1"
"SILVERSWAN","1"
"TARLETTES ELABOREES PAR NOS ATELIERS","1"
"Submarine - Real Time","1"
"Le Gall","1"
"THE NATIONALS","1"
"SANS MARQUE (produit vendu au rayon fromage à la coupe)","1"
"E.LECLERC PLEUVEN","1"
"Fromagerie des Monts du Cantal","1"
"Diet & Plaisir","1"
"MAÎTRE VOLAILLER","1"
"Claas","1"
