categorie_de_produit,count
Alimentation,8239
,5520
Automobiles et moyens de déplacement,1225
Bébés-Enfants (hors alimentaire),438
Maison-Habitat,245
"Les personnes qui auraient consommé les « produits » mentionnés ci-dessus et qui présenteraient de la fièvre, isolée ou accompagnée de maux de tête, et des courbatures, sont invitées à consulter leur médecin traitant en lui signalant cette consommation.  Des formes graves avec des complications neurologiques et des atteintes maternelles ou fœtales chez la femme enceinte peuvent également parfois survenir. Les femmes enceintes ainsi que les personnes immunodéprimées et les personnes âgées doivent être particulièrement attentives à ces symptômes. La listériose est une maladie qui peut être grave et dont le délai d'incubation peut aller jusqu'à huit semaines.",228
"Vêtements, Mode, EPI",186
Hygiène-Beauté,166
"Appareils électriques, Outils",151
Autres,144
Sports-loisirs,68
Remboursement,67
"Les toxi-infections alimentaires causées par les salmonelles se traduisent par des troubles gastro-intestinaux (diarrhée, vomissements) d'apparition brutale souvent accompagnés de fièvre et de maux de tête qui surviennent généralement 6h à 72h après la consommation des produits contaminés.  Ces symptômes peuvent être plus prononcés chez les jeunes enfants, les femmes enceintes, les sujets immunodéprimés et les personnes âgées. Les personnes qui auraient consommé ces produits et qui présenteraient ces symptômes sont invitées à consulter leur médecin traitant en lui signalant cette consommation. En l'absence de symptômes dans les 7 jours après la consommation des produits concernés, il est inutile de s'inquiéter et de consulter un médecin. Si le produit doit subir une cuisson avant consommation : la cuisson à cœur des produits (œufs durs, pâtisseries, viandes de volailles…) à +65°C permet de détruire ces bactéries et de prévenir les conséquences d'une telle contamination.",66
"En raison du risque de blessures / effets indésirables suite à l'ingestion de ce produit, par précaution il est recommandé aux personnes qui détiendraient des produits appartenant au(x) lot(s) décrit(s) ci-dessus de ne pas les consommer.",39
"Les Escherichia coli shiga toxinogène (STEC) peuvent entraîner dans la semaine qui suit la consommation de produits contaminés, des diarrhées parfois sanglantes, des douleurs abdominales et des vomissements, accompagnés ou non de fièvre. Ces symptômes peuvent être suivis (5 à 8% des cas) de complications rénales sévères, principalement chez les enfants. Les personnes qui auraient consommé les produits mentionnés ci-dessus et qui présenteraient ce type de symptômes sont invitées à consulter sans délai leur médecin traitant en lui signalant cette consommation ainsi que le lieu et la date d'achat. En l'absence de symptôme dans les 15 jours après la consommation des produits concernés, il est inutile de s'inquiéter et de consulter un médecin. D'une façon générale, les autorités sanitaires rappellent que par précaution pour les populations plus sensibles comme les enfants, les personnes âgées ou immunodéprimées, les femmes enceintes, il est recommandé de cuire à cœur (70°C) les viandes hachées et les produits à base de viande hachée. Il faut également éviter la consommation de lait cru et de produits au lait cru. Il faut préférer les fromages à pâte pressée cuite (type Emmental, Comté, etc.), les fromages fondus à tartiner et les fromages au lait pasteurisé. Il faut éviter également la consommation de produits crus ou insuffisamment cuits à base de farine (pâtes à cookies, pâtes à pizza …). Les végétaux devraient être lavés soigneusement ou épluchés ou cuits avant d'être consommés.",37
Ces produits ont été fabriqués et/ou conservés dans des conditions ne permettant pas d'apporter de garanties sanitaires satisfaisantes. Ces produits sont donc susceptibles de présenter un danger pour la santé des consommateurs.,30
Remboursement Echange,22
Echange,15
Du 05/05/2021 au 10/06/2021,13
Listeria monocytogenes (agent responsable de la listériose),13
Du 01/01/2022 au 29/04/2022,11
Du 01/10/2022 au 04/02/2023,10
Produit à conserver au réfrigérateur,9
Du 01/01/2023 au 09/05/2023,9
Du 01/01/2021 au 31/12/2026,9
Dommages internes,8
"Les Escherichia coli peuvent entraîner dans les 3 jours qui suivent la consommation, des gastro-entérites marquées par des douleurs abdominales et des diarrhées (éventuellement accompagnées de sang), accompagnées ou non de fièvre. Les personnes qui auraient consommé les produits mentionnés ci-dessus et qui présenteraient ce type de symptômes sont invitées à consulter sans délai leur médecin traitant en lui signalant cette consommation et la nature du germe contaminant.",8
Du 11/12/2020 au 19/11/2022,7
"02 mg/kg fixée par le réglement n°149/2008 est dépassée.\"",7
Autre (voir informations complémentaires),7
FR 69.068.013.CE,6
FR-971-03-616-CE,6
Listéria,6
Du 04/05/2021 au 10/06/2021,6
Autres contaminants chimiques,6
Du 01/01/2018 au 22/04/2021,5
Du 14/12/2022 au 23/12/2022,5
"Le botulisme est une maladie rare qui résulte le plus souvent de la consommation d'un aliment contaminé contenant de la toxine botulique produite par Clostridium botulinum. Cette toxine se développe notamment dans les conserves ou les produits de charcuterie de fabrication familiale ou artisanale pour lesquelles le procédé de stérilisation n'a pas été maîtrisé. Les symptômes apparaissent généralement 12 à 72 heures après l'ingestion d'un aliment contaminé, mais ils peuvent se développer plus précocement ou plus tardivement (2 heures jusqu'à 10 jours). L'intoxication botulique est caractérisée par des signes neurologiques : sensation de vision floue, paupières tombantes, troubles de la parole, difficulté à avaler, sécheresse de la bouche, faiblesse musculaire. Des signes digestifs (constipation, vomissements, diarrhée) accompagnent souvent les signes neurologiques.",5
"Les personnes qui auraient consommé les produits mentionnés ci-dessus et qui présenteraient des symptômes de gastro-entérite (vomissements, diarrhées fréquemment accompagnés d'une fièvre modérée), sont invitées à consulter leur médecin traitant en lui signalant cette consommation. Les personnes immunodéprimées doivent être particulièrement attentives à ces symptômes, qui peuvent évoquer une infection par un virus (Norovirus), responsable de gastro-entérites, dont le délai d'incubation peut aller jusqu'à 48 heures.",5
Substances allergisantes non déclarées,5
FR 69.135.001 CE,5
Du 01/06/2021 au 01/10/2023,5
29020090,5
L'analyse de ce lot a montré une teneur en aloe émodine et émodine non conforme.,5
Du 01/05/2018 au 29/07/2021,4
Du 01/12/2019 au 22/09/2023,4
Du 05/03/2020 au 01/02/2022,4
Du 23/10/2020 au 02/11/2022,4
Pas de risques consommateur connu,4
0170960278,4
Equipements de communication,3
Pas de garantie de conservation du produit au delà de,3
non-respect des barèmes de stérilisation qui entraîne un risque de développement de microorganismes pathogènes,3
NA,3
Du 18/10/2019 au 11/01/2022,3
Du 19/08/2022 au 30/08/2022,3
"Rappel de certains lots de produits, suite à la présence  d'oxyde d'éthylène supérieur à la limite autorisée par le règlementation européenne dans un ingredient .",3
Produit à conserver à température ambiante,3
Du 29/02/2024 au 05/03/2024,3
Du 15/10/2019 au 03/12/2021,3
Présence d'oxyde d'éthylène à une teneur supérieure à la législation européenne.,3
Remboursement Autre (voir informations complémentaires),3
Du 26/12/2023 au 04/01/2024,3
FR 68 040 001 CE,3
Suite à une alerte européenne concernant la présence d’oxyde d’éthylène à une teneur supérieure à la limite autorisée dans des lots de gélifiants entrant dans la composition des produits,3
FR 53 094 002 CE,3
Du 03/07/2023 au 13/07/2023,3
Consommation du produit au-delà du 09/11/2022,3
Taux d’Azote basique volatil total (ABVT) supérieur au taux réglementaire.,3
Réparation,3
Risque d'ingestion,3
CE-972-13-011-CE,2
"Nouvel aliment non autorisé au titre du règlement (UE) n°2015/2283 avec une teneur élevée en cannabidiol alors que l'EFSA, en juin 2022, a fait part de l'identification de plusieurs dangers potentiels",2
Risque sérieux pour la santé de l'homme et l'animal.,2
FR 01.159.002 CE,2
Mesure de précaution. Aucun risque pour le consommateur.,2
Le grillage et les matériaux employés ne sont pas conçus pour absorber le moindre impact ni conférer une quelconque protection,2
Du 06/05/2021 au 10/06/2021,2
Du 09/09/2021 au 05/11/2021,2
super langeac,2
Du 19/05/2021 au 02/11/2022,2
Du 23/04/2015 au 25/08/2023,2
Du 12/09/2022 au 20/09/2022,2
"Résultat NO PASS : objectif 30 secondes sur calibre C4C non atteint. L'échec sur ce test démontre un manque d'élasticité de la borne de terre. La sécurité des appareils branchés sur la prise n'étant pas assuré, il y a un risque d'électrocution",2
FR 79-061-001 CE,2
"Les toxi-infections alimentaires causées par les Vibrio vulnificus peuvent se traduire occasionnellement par des troubles gastro-intestinaux bénins chez des individus en bonne santé, mais aussi par des troubles non intestinaux sévères (infection généralisée / septicémie) chez les personnes sensibles ou atteintes d'affections chroniques préexistantes. Par ailleurs, des infections cutanées sont susceptibles de survenir à partir de blessures pré-existantes en cas de manipulation des produits",2
XL/XXL,2
FR 29.125.020 CE,2
FR62160108 CE,2
FR.69.135.001.CE,2
50391004,2
Du 01/08/2019 au 04/05/2021,2
FR 37.184.032,2
"XL/XXL\"",2
Du 19/12/2023 au 29/12/2023,2
Du 10/01/2022 au 20/01/2022,2
Depuis le 01/09/2021,2
"Symptômes temporaires comme des nausées,",2
Du 22/09/2021 au 04/10/2021,2
Du 01/05/2022 au 31/03/2023,2
Du 01/01/2022 au 07/04/2022,2
Du 07/10/2022 au 26/10/2022,2
Du 16/03/2022 au 29/07/2022,2
"Ferme Earl louet 2 allée du chêne vert 36180 Pellevoisin.\"",2
PLANET PLONGEE,2
Du 26/03/2021 au 18/06/2021,2
Présence de salmonelle,2
FR 94.065.537 CE,2
Du 20/06/2018 au 15/03/2023,2
FR.26.362.001 CE,2
Du 07/09/2022 au 31/08/2023,2
Jusqu'au 28/04/2023,2
Du 27/09/2021 au 05/10/2021,2
Du 01/07/2020 au 22/06/2021,2
"vendu à l'unité,conditionné dans une boite à bûche patissière",2
FERME DE LA FOSSE A L EAU,2
Du 01/08/2022 au 09/08/2022,2
Du 29/12/2022 au 29/12/2022,2
Du 01/10/2019 au 31/08/2021,2
FR 62160108 CE,2
Ne plus consommer Rapporter le produit au point de vente,2
XL/XXL les produits affectés ont le CPN BT1380108XLXXL associé à l'un des numéros de série suivant:,2
Du 16/12/2021 au 11/01/2022,2
Du 01/05/2021 au 25/10/2021,2
Salmonella spp (agent responsable de la salmonellose),2
Du 26/05/2021 au 03/06/2021,2
listéria,2
Du 20/07/2023 au 21/07/2023,2
Du 18/07/2021 au 22/07/2021,2
Du 03/06/2022 au 16/06/2022,2
Du 27/09/2021 au 10/11/2021,2
0969366936,2
FR 44.207.001 CE,2
Du 05/09/2019 au 02/12/2021,2
Du 14/02/2023 au 23/02/2023,2
Dépassement des limites autorisées de pesticides,2
ML/LG les produits affectés ont le CPN BT1380110ML associé à l'un des numéros de série suivant:,2
Du 16/12/2022 au 04/01/2023,2
langue,2
FR 11-009-001,2
FR 22.389.003.CE,2
ML/LG,2
ML/LG les produits affectés ont le CPN BT1380108ML associé à l'un des numéros de série suivant:,2
FR.25.056.058.CE,2
Du 17/11/2023 au 18/12/2023,2
5,2
Du 30/07/2021 au 05/09/2021,2
Concentration d'oxyde d'éthylène supérieure à la réglementation dans l'un des ingrédients,2
XL/XXL les produits affectés ont le CPN BT1380110XLXXL associé à l'un des numéros de série suivant:,2
Du 04/03/2024 au 04/04/2024,2
Danger pour l'utilisateur,2
FR 22-321-008 CE,2
Du 04/02/2022 au 03/12/2022,2
75 113 006 CE,2
Autre risque,2
Les matériaux employés ne sont pas conçus pour absorber le moindre impact ni conférer une quelconque protection.,2
Du 16/06/2020 au 02/11/2022,2
Du 09/06/2023 au 30/06/2023,2
FR 11.076.050 CE,2
Produit à conserver au congélateur,2
FR 73 114 001 CE,2
Du 01/06/2023 au 22/10/2023,2
Du 04/02/2021 au 06/08/2021,2
"Bacs de 0,5L",2
Présence de Listéria monocytogenes dans une matière première,2
Il est possible d’ouvrir le couvercle du cuiseur sous pression pendant qu’il est sous pression et le cuiseur sous pression peut se déformer. Type d'opérateur économique auquel la/les mesure(s) a/ont été ordonnée(s): Fabricant,2
FR-59-165-030 CE,2
Grossiste - Rayon traditionnel GMS - Fromager crémier - et commerçant ambulant,2
Du 06/07/2022 au 10/11/2022,2
Boîte carton,2
Jusqu'au 29/07/2021,2
FR 63 113 081 CE,1
Du 01/02/2020 au 31/10/2022,1
Risque de défaut de fabrication sur le produit Cool Surf modèle SAIL SUP 10.4  pouvant causer un décollement des coutures au gonflage et/ou une fuite d’air lors de l’utilisation.,1
CAMOMILLE DOUCE 500g,1
Du 03/11/2021 au 16/11/2021,1
Du 01/03/2023 au 31/05/2023,1
Du 01/02/2022 au 29/09/2023,1
Du 21/09/2021 au 07/12/2021,1
Du 05/10/2021 au 14/12/2021,1
Sac de 3kg,1
Du 08/11/2022 au 10/11/2022,1
Du 26/01/2023 au 07/02/2023,1
Depuis le 04/07/2022,1
Du 01/08/2019 au 30/11/2019,1
Peut-être mortel en cas d’ingestion et de pénétration voies respiratoires,1
Du 09/03/2020 au 22/06/2021,1
Du 13/12/2021 au 16/12/2021,1
Du 01/09/2021 au 10/05/2022,1
Du 15/07/2019 au 08/06/2022,1
Du 16/12/2022 au 29/12/2022,1
Depuis le 01/01/2023,1
"Dans de rares cas, le module bleu peut surchauffer, commencer à fumer et faire fondre le luminaire. La cellule lithium-ion de l'appareil peut prendre feu et/ou exploser. Risque de brûlures et autres blessures externes.",1
Du 05/11/2021 au 27/04/2022,1
Du 16/10/2023 au 19/12/2023,1
Du 26/05/2020 au 07/07/2021,1
FR 22.225.001 CE,1
"La raison de ce rappel est la présence d’oxyde d’éthylène dans la gomme de guar, qui est utilisée en",1
Du 16/02/2021 au 14/10/2021,1
"Lors d’un contrôle qualité, STIHL a constaté que les gants mentionnés sont susceptibles de ne pas respecter les limites légales d'hydrocarbures aromatiques polycycliques (HAP).",1
"Britax Römer a identifié un problème de sécurité potentiel : un espace peut se former entre la poignée et la coque du siège du BABY-SAFE 5Z, généralement d'un seul côté. Risque potentiel de détachement de la poignée.",1
Du 06/03/2024 au 12/03/2024,1
Du 19/04/2021 au 11/06/2021,1
Du 02/09/2021 au 31/10/2021,1
Présence de salmonelles.,1
Du 20/09/2022 au 21/09/2022,1
Du 20/12/2022 au 23/02/2023,1
CLOS MARCEL ET FILS,1
e2*2007/46*0534*04,1
Du 01/12/2020 au 06/05/2021,1
Du 01/07/2021 au 02/10/2021,1
Du 25/10/2021 au 17/11/2022,1
Du 26/06/2023 au 03/07/2023,1
Boudin noir (2) 220g vendu au libre service en sous vide,1
Du 12/05/2021 au 28/05/2021,1
FR 76.658.003 CE,1
Le risque est lié au calcul du temps écoulé lors de la plongée.,1
Risque d' ingestion,1
"etc...). Il s'agit d'un article promotionnel.\"",1
Depuis le 03/03/2021,1
Du 28/10/2019 au 30/07/2021,1
Du 17/01/2022 au 26/01/2022,1
Du 12/08/2022 au 29/09/2022,1
https://rappel.conso.gouv.fr/document/9fcb2886-df2c-4085-afc5-6246748d3b29/Interne/ListeDesProduits,1
Taux d'histamine dans le produit supérieur au taux réglementaire.,1
Du 01/01/2020 au 31/10/2023,1
FR 72 132 002 CE,1
Depuis le 17/02/2022,1
"mangue/fruits de la passion.\"",1
Du 01/10/2019 au 21/09/2022,1
Risque de présence de salmonelle,1
Du 21/10/2022 au 15/02/2023,1
Du 07/05/2022 au 31/05/2023,1
Du 19/01/2024 au 22/01/2024,1
0634158799044,1
Du 20/04/2021 au 30/04/2021,1
"RISQUE ALLERGIQUE présence de linalool et contient un mélange de methylchloroisothiazolinone et de methylisothiazolinone,conservateurs qui ne peuvent être utilisés dans un produit sans rincage",1
Du 02/11/2022 au 25/11/2022,1
Du 14/09/2021 au 12/10/2021,1
Du 06/03/2019 au 06/03/2022,1
Intoxication Risque environnemental,1
DEPASSEMENT DU SEUIL DE SECURITE,1
FR.45.307.001,1
Du 01/01/2021 au 31/03/2021,1
Depuis le 30/06/2021,1
Le produit fini fabriqué est non-conforme,1
Jusqu'au 22/07/2021,1
Jusqu'au 09/11/2022,1
Du 09/02/2023 au 14/02/2023,1
Du 20/06/2018 au 31/12/2022,1
Depuis le 01/02/2020,1
Du 19/05/2023 au 02/02/2024,1
"Le risque de blessure est celui conséquent à une chute, et au risque de se blesser avec les bords coupants générés par la rupture du tube.",1
Du 25/05/2022 au 25/05/2022,1
FR 32426037 CE,1
"désorientation voire amnésie).\"",1
teneur en oxyde d'éthyène supérieure supérieure à la limite réglementaire,1
Du 25/04/2022 au 29/04/2022,1
Depuis le 30/08/2022,1
HENRY l'hippo (ref: 20802006V),1
Du 03/11/2022 au 18/11/2022,1
"code article 590\"",1
Incendie,1
https://rappel.conso.gouv.fr/image/009aca32-dab2-4299-9344-5348b8fa9da5.jpg,1
Du 27/09/2021 au 01/10/2021,1
Du 01/01/2022 au 08/02/2023,1
1L X8,1
Du 11/03/2024 au 18/03/2024,1
"Après une incubation de 1 semaine à 1 mois, l'infection à sa phase aiguë se manifeste par des symptômes non spécifiques et qui peuvent être discrets : fièvre isolée ou syndrome pseudo grippal associant fièvre, douleurs articulaires et musculaires, mal de tête, fatigue. Plus rarement, des atteintes testiculaires (orchite), neurologiques (méningite) ou articulaires (arthrites) sont possibles. Une forme chronique peut apparaître après plusieurs semaines ou mois sous forme d'infections localisées, en particulier aux articulations. Si le produit doit subir une cuisson avant consommation : la cuisson à coeur des produits à +65°C permet de détruire les bactéries Brucella et de prévenir les conséquences d'une telle contamination.",1
"BAMAPPRO SAS\"",1
Du 05/07/2023 au 20/07/2023,1
Du 28/11/2023 au 12/12/2023,1
Du 04/05/2021 au 10/05/2021,1
Du 19/03/2021 au 16/06/2021,1
https://rappel.conso.gouv.fr/document/87cb9ca0-c19a-4caa-8af9-c5c6dace27b1/Interne/ListeDesDistributeurs,1
Du 07/02/2022 au 15/06/2022,1
Le cadmium et le plomb ont des effets très toxiques sur l'organisme.,1
FR 38.051.001 CE,1
Du 18/05/2021 au 01/06/2021,1
Présence d'oxyde d'éthylène  à  une  teneur  supérieure  à  la  limite  maximum  réglementaire dans  un  produit  utilisé comme  stabilisant dans  les fabrications,1
Du 10/09/2021 au 09/10/2021,1
Aucun risque pour le consommateur,1
Non conforme et dangereux,1
https://rappel.conso.gouv.fr/document/0161caf9-5f64-4e3c-81b7-ae62ff125687/Interne/ListeDesDistributeurs,1
Du 03/02/2023 au 29/01/2024,1
Du 01/04/2022 au 14/04/2022,1
Du 31/05/2022 au 31/05/2022,1
0633248662,1
Il existe un risque de brûlure ou d’intoxication,1
Du 13/05/2023 au 19/06/2023,1
Risqué d’étouffement,1
Du 01/02/2020 au 31/08/2021,1
Du 20/12/2023 au 20/12/2023,1
Depuis le 22/03/2021,1
Du 09/08/2021 au 05/01/2022,1
Risque faible - Le produit peut surchauffer et entraîner une brûlure potentielle de la peau en cas de contact.,1
Du 23/09/2021 au 30/09/2022,1
Du 01/01/2019 au 01/06/2023,1
Ingestion de petites pièces par un enfant,1
Du 18/01/2024 au 25/01/2024,1
"Précaution suite rappel DX0089 MARTY MAT : Il est possible que la structure du casque n'amortisse pas suffisamment les impacts à des températures extrêmes en cas de chute. Le cas échéant, le produit ne répond pas aux standards ECE-22.05.",1
Du 15/02/2023 au 22/02/2023,1
Du 20/02/2023 au 22/02/2023,1
ANALYSE AYANT MONTREE LA PRESENCE DE PHTALATES,1
Risque de chute pouvant provoquer des blessures.,1
Du 03/11/2022 au 19/01/2023,1
Jusqu'au 05/05/2023,1
Du 01/01/2016 au 28/07/2021,1
FR 87.065.001 CE,1
Du 01/02/2023 au 02/02/2023,1
Ce rappel fait suite à un risque de présence de sulfites non indiqué sur l'étiquetage du produit,1
9 BR,1
Défaut d’étanchéité de l’emballage,1
FR 62 160 703 CE,1
Du 21/07/2015 au 19/09/2022,1
Du 21/09/2022 au 21/02/2023,1
Présence d'oxyde d'éthylène en quantité dépassant les limites réglementaires,1
ES 10.02669/SA CE,1
Risque d'étouffement avec le sachet plastique d'emballage.,1
Du 01/07/2017 au 13/01/2023,1
Relooking Minceur,1
Détection d’E. coli O157:H7,1
Du 28/06/2023 au 04/08/2023,1
Du 01/12/2023 au 14/12/2023,1
Du 05/01/2021 au 07/06/2021,1
Du 01/08/2021 au 13/10/2021,1
Du 27/05/2020 au 02/12/2021,1
Du 18/08/2023 au 18/08/2023,1
Du 09/09/2021 au 05/10/2021,1
Du 01/03/2021 au 09/10/2021,1
Vitesse de propagation de la flamme sur le textile du chapeau est supérieure à 1cm/s (Risque de brûlures),1
Du 24/05/2023 au 01/06/2023,1
Du 01/09/2022 au 04/10/2023,1
https://rappel.conso.gouv.fr/document/be70d5de-017f-48b1-a9e3-a25d03f263cc/Interne/ListeDesDistributeurs,1
Contamination de produits par des bactéries E.COLI STEC et lien épidémiologique avec des cas de SHU pédiatriques en PACA  et OCCITANIE.,1
https://rappel.conso.gouv.fr/document/97146dde-ebf9-43c7-9236-f07621b623eb/Interne/ListeDesDistributeurs,1
Du 03/10/2022 au 14/10/2022,1
Du 03/11/2022 au 06/12/2022,1
Du 02/02/2021 au 06/08/2021,1
Du 18/05/2021 au 25/10/2021,1
Absence de la liste des ingrédients.,1
Du 01/10/2020 au 11/04/2022,1
Depuis le 19/10/2022,1
Du 01/01/2019 au 30/03/2021,1
Du 15/10/2019 au 11/12/2020,1
"Présence de cordons, d'écartements horizontaux entre le matelas et la jonction des côtés du réducteur de lit",1
Les points de ventes ECOMIAM,1
Du 13/10/2022 au 19/10/2022,1
RISQUE D'INGESTION DES PILES,1
Présence de Salmonelles,1
3770023173766 Tous les lots  3770023173759 Tous les lots  3770021600684 Tous les lots  3770021600691 Tous les lots,1
Du 01/07/2021 au 28/07/2021,1
Du 18/02/2020 au 22/07/2021,1
Du 30/07/2021 au 09/04/2022,1
Du 02/10/2020 au 24/06/2021,1
Du 09/08/2022 au 11/08/2022,1
Du 20/10/2022 au 19/01/2023,1
palpitations,1
MATCH,1
l'anneau métallique se détache  pouvant entrainer un risque d'ingestion et d'étouffement.,1
Non conformité et dangerosité de la peluche. Yeux détachables lors des essais de tractions (yeux sous forme de bouton PVC).,1
Du 17/02/2022 au 31/07/2022,1
Risque de consommer le produit après DLC,1
Migration jusqu'à 3 fois supérieure aux seuils autorisés,1
Du 14/11/2022 au 17/02/2023,1
Intoxication,1
IKEA étend son rappel pour réparation des miroirs LETTAN en raison du risque de casse des fixations murales.,1
Il y a une couture défectueuse sur le couvercle du siège.,1
Du 23/01/2021 au 12/04/2021,1
Du 03/11/2018 au 02/11/2022,1
Du 05/05/2021 au 05/05/2021,1
Du 28/04/2020 au 20/01/2021,1
Du 19/01/2021 au 01/06/2025,1
Risque de suffocation en cas de mauvaise utilisation du produit et de non suivi des avertissements de sécurité.,1
"La soja est un allergène majeur, il induit un risque pour toute personne allergique",1
KERVIANDE,1
Depuis le 21/10/2021,1
Du 01/04/2021 au 12/10/2022,1
Du 27/02/2023 au 01/03/2023,1
Du 27/12/2023 au 03/01/2024,1
Du 03/01/2022 au 15/02/2024,1
Du 08/06/2021 au 09/08/2021,1
"café)\"",1
Vélo vendu dans un carton.,1
Boite carton imprimée,1
Du 27/09/2023 au 09/10/2023,1
Toolstation,1
"en cas de consommation après le 04/03/2024, risque sanitaire.",1
Risque de présence de salmonelle dans le produit,1
Du 07/09/2020 au 07/01/2021,1
Du 09/12/2020 au 24/11/2021,1
Du 21/03/2022 au 15/09/2022,1
Du 01/04/2021 au 01/04/2022,1
Du 23/04/2015 au 21/08/2023,1
https://rappel.conso.gouv.fr/document/20477ef6-55e9-4462-a0fc-bf0723a6de7b/Interne/ListeDesProduits,1
ECOLI STEC,1
Du 18/02/2021 au 29/07/2021,1
L'absorption de ces toxines est notamment un facteur de risque pour le développement d'un cancer du foie. Les aflatoxines ne sont pas détruites par la cuisson.,1
Du 16/12/2022 au 13/02/2023,1
Accès au rembourrage fibreux du fait de la faiblesse,1
Du 22/01/2021 au 14/04/2021,1
Du 25/01/2022 au 07/02/2022,1
Du 16/08/2022 au 23/08/2022,1
Depuis le 01/11/2022,1
Un mauvais étalonnage pourrait faire en sorte que le niveau des émissions d’oxydes d’azote (NOx) des gaz d’échappement dépasse les limites réglementaires.,1
Du 02/11/2020 au 16/02/2021,1
"Les personnes allergiques aux fruits à coques (noisettes, amandes) peuvent réagir à la consommation des ours chocolat noir présent dans les boites cubes",1
FERNAND DUSSERT,1
Du 01/04/2023 au 28/05/2023,1
Rupture possible des coutures avec éventuel accès au rembourrage,1
Du 14/06/2021 au 26/06/2021,1
Du 01/01/2021 au 29/07/2021,1
Du 01/01/2018 au 27/07/2021,1
Détection E.coli STEC O26 sur analyses complémentaires,1
Risque de fracture des lunettes en cas de choc avec des particules lancées à grande vitesse. Risque de blessure pour l’utilisateur en cas de choc.,1
Du 07/09/2022 au 20/09/2023,1
Du 18/01/2024 au 23/01/2024,1
vente au rayon traditionnel,1
Du 26/11/2021 au 30/11/2021,1
FR 46-128-002 CE,1
Du 10/01/2022 au 19/01/2022,1
Du 01/04/2021 au 29/04/2022,1
Du 01/01/2022 au 13/09/2022,1
"IKEA rappelle pour réparation des miroirs LETTAN avec un numéro de lot inférieur ou égal à 2105 (AASS), en raison du risque de casse des fixations murales.",1
Du 17/12/2018 au 29/09/2023,1
Maxi Toys,1
Risque de présence éventuelle de corps étrangers,1
Du 16/03/2021 au 09/07/2021,1
Analyse microbiologique non conforme : Présence de contamination par Salmonelle,1
Du 20/01/2022 au 26/07/2022,1
56-094-015,1
Du 22/09/2023 au 31/10/2023,1
Du 07/01/2021 au 22/04/2021,1
Du 15/09/2021 au 15/09/2021,1
0359305930,1
Du 01/01/2021 au 17/11/2023,1
FR35.207.070CE,1
https://rappel.conso.gouv.fr/document/6f895f80-e6d5-4e0e-b80c-46aedcbcbf57/Interne/ListeDesDistributeurs,1
Produit non conforme,1
RAM  Chrysler: 300,1
Du 01/01/2019 au 20/03/2021,1
Depuis le 20/12/2019,1
Du 14/11/2022 au 06/03/2023,1
Du 13/04/2023 au 12/05/2023,1
Depuis le 27/04/2023,1
Produits phytosanitaires non autorisés Dépassement des limites autorisées de pesticides,1
Du 04/07/2021 au 04/10/2021,1
Du 25/11/2021 au 31/12/2021,1
Du 18/03/2020 au 03/06/2022,1
Du 13/06/2022 au 15/06/2022,1
https://rappel.conso.gouv.fr/document/96544fb6-1831-4219-b8b2-5401c915b908/Interne/ListeDesDistributeurs,1
FR.09.225.021 CE,1
Du 19/01/2023 au 07/02/2023,1
Du 26/04/2023 au 30/04/2023,1
Du 13/12/2023 au 16/12/2023,1
Du 01/11/2017 au 07/05/2021,1
Du 29/08/2022 au 30/08/2022,1
e2*2007/46*0001*27,1
Du 01/05/2018 au 10/06/2021,1
Du 24/03/2021 au 26/07/2021,1
provoque de graves brulures avec la peau et de graves lésions des yeux,1
https://rappel.conso.gouv.fr/document/e4e74906-65e0-4a1f-981d-a2630868eeb5/Interne/ListeDesDistributeurs,1
Du 01/09/2021 au 10/07/2023,1
Du 01/06/2019 au 25/01/2021,1
Du 13/07/2021 au 21/07/2021,1
Du 20/09/2022 au 19/10/2022,1
Du 13/08/2020 au 22/12/2022,1
Du 23/07/2021 au 30/11/2021,1
Substances allergisantes non déclarées Anomalie d'étiquetage,1
Du 17/07/2023 au 18/07/2023,1
"La raison de ce rappel est que la base de la plaque métallique incluse peut présenter des bords tranchants, ce qui présente un risque potentiel de coupure pendant l'utilisation.",1
Du 01/04/2021 au 16/07/2021,1
Depuis le 24/02/2020,1
Du 23/06/2023 au 03/07/2023,1
Du 17/12/2021 au 23/12/2021,1
FR 15 219 009 CE,1
Du 15/05/2023 au 04/07/2023,1
Présence de Listéria monocytogenes,1
FR 88 079 001 CE,1
Ne plus consommer Ne plus utiliser le produit Rapporter le produit au point de vente Contacter le point de vente Contacter le service consommateur,1
Du 01/01/2020 au 14/08/2023,1
Du 03/10/2023 au 03/10/2023,1
Du 30/04/2021 au 05/05/2021,1
Du 03/01/2022 au 31/08/2022,1
Du 26/02/2024 au 07/03/2024,1
Du 06/08/2021 au 26/11/2021,1
Rapport d'essais 2022-79892-1-V1 du 16/09/2022,1
Du 15/12/2022 au 29/12/2022,1
Du 05/10/2023 au 22/12/2023,1
Blessures,1
Du 01/03/2021 au 27/07/2021,1
SAS Powerfit,1
"monoprix\"",1
Du 13/08/2022 au 22/08/2022,1
"Nous avons été interpellés par des problématiques de perte de réglage de la longueur du crampon en utilisation, à l'occasion d'une récente modification sur une série de crampons Harfang Alpine (100349).",1
Taux d'oxyde d'éthylène supérieur à la limite autorisée,1
Du 06/08/2019 au 01/03/2022,1
Jusqu'au 26/07/2022,1
Intermarché,1
Depuis le 11/10/2023,1
Du 10/08/2023 au 03/01/2024,1
Du 21/05/2021 au 08/06/2021,1
Du 01/08/2021 au 27/04/2022,1
Du 06/12/2021 au 15/02/2022,1
Du 23/08/2019 au 01/09/2021,1
king long store,1
produit contient de l'OGM,1
Du 08/08/2023 au 28/12/2023,1
Suspicion de présence de salmonelle,1
Du 01/10/2021 au 21/10/2021,1
La consommation journalière d'un comprimé conduit à un apport en vitamine B6 de 50 mg correspondant au double de la limite supérieure de sécurité définie par l’EFSA (25 mg/jour pour un adulte),1
Détection de listeria monocytogenes < 10,1
Du 28/06/2021 au 05/07/2021,1
Du 15/08/2020 au 30/06/2021,1
Fellering,1
Du 25/11/2021 au 01/12/2021,1
Du 04/09/2019 au 02/12/2021,1
Du 09/02/2024 au 16/02/2024,1
Il existe un risque qu'un client ne soit pas alerté immédiatement par le,1
Du 22/12/2022 au 28/12/2022,1
Du 22/07/2022 au 24/01/2023,1
Du 29/09/2023 au 13/10/2023,1
Du 01/06/2021 au 15/07/2021,1
Du 22/09/2021 au 24/09/2021,1
Du 05/01/2022 au 18/01/2022,1
Du 04/10/2022 au 08/10/2022,1
FR 76.547.001 CE,1
poireaux saumon,1
Du 07/04/2021 au 22/06/2021,1
Du 02/03/2021 au 30/06/2021,1
Depuis le 01/07/2021,1
Du 01/07/2020 au 23/11/2021,1
0805900021,1
Du 02/06/2022 au 09/08/2022,1
"Risque lié à la présence de substances cancérogènes, mutagènes ou reprotoxiques.",1
Du 01/10/2022 au 31/01/2023,1
Du 17/03/2023 au 02/10/2023,1
Détection de nitrofuranes (furazolidone) - Contaminants chimiques,1
Du 12/03/2021 au 26/07/2021,1
Risques d'allergie cutanée,1
Présence d’oxyde d’éthylène supérieure aux limites réglementaires dans une matière première : Vitamine B12 1% Methylcobalamine,1
Du 18/03/2021 au 27/09/2021,1
Fromage utilisé dans la préparation faisant l'objet d'un rappel pour présence de corps étranger métallique,1
"nous rappelons les lots concernés au niveau de la vente au détail\"",1
Du 12/05/2021 au 10/06/2021,1
Du 19/05/2021 au 31/10/2021,1
Du 01/06/2021 au 23/02/2022,1
Tous les lots,1
Du 21/05/2023 au 20/07/2023,1
https://rappel.conso.gouv.fr/document/113e26d1-8458-43ea-b52c-bebfc5956e0a/Interne/ListeDesDistributeurs,1
"Poches gonflées, mauvaises odeurs suite à un manque de cuisson du produit.",1
Du 03/08/2022 au 09/12/2022,1
PROVOQUE DE GRAVES BRULURES DE LA PEAU PROVOQUE DE GRAVES LESIONS OCULAIRES,1
Du 27/03/2023 au 30/03/2023,1
Du 02/01/2023 au 08/11/2023,1
Depuis le 01/03/2018,1
Du 27/01/2021 au 27/07/2021,1
Produit conditionné en blister (monoproduit ou assortiment) et vendu en libre service en magasin.,1
Du 13/08/2022 au 15/08/2022,1
FR 76 681 001,1
Du 11/01/2023 au 26/01/2024,1
Du 15/04/2021 au 24/06/2021,1
FR 13.097.003 CE,1
La Société HAFNER procède au retrait de la vente de fonds de tarte suite à la mise en évidence de la présence de salmonelles.,1
Du 15/07/2022 au 04/08/2022,1
Les toxi-infections alimentaires causées par les Entérotoxine Staphylococciques se traduisent par des troubles gastro-intestinaux (vomissements principalement) apparaissant dans les heures qui suivent l'ingestion et disparaissant en général rapidement.,1
Du 09/02/2024 au 13/02/2024,1
Du 08/05/2021 au 12/05/2021,1
Du 17/03/2021 au 06/08/2021,1
Du 16/05/2022 au 07/07/2022,1
Du 13/09/2022 au 22/09/2022,1
N°3,1
Du 28/09/2022 au 10/01/2023,1
Du 15/03/2024 au 21/03/2024,1
Du 06/01/2021 au 28/07/2021,1
Du 06/06/2020 au 30/06/2021,1
https://rappel.conso.gouv.fr/document/6ef9dcb7-814a-4706-b7fb-3a85b982bc00/Interne/ListeDesDistributeurs,1
Du 03/05/2021 au 08/06/2021,1
Du 22/09/2021 au 31/10/2021,1
Du 05/04/2023 au 23/04/2023,1
Du 09/02/2021 au 06/08/2021,1
La sangle est trop longue et peut entrainer un arrêt respiratoire ou une étranglement de l'enfant,1
Du 26/05/2023 au 05/06/2023,1
Surdosage de vitamine B3 du fait de l'utilisation d'acide nicotinique à la place de nicotinamide..,1
Du 23/11/2023 au 27/11/2023,1
Depuis le 11/12/2021,1
Du 10/03/2022 au 15/04/2022,1
Présence listeria,1
Du 08/07/2022 au 27/10/2022,1
Du 04/04/2022 au 31/10/2022,1
"Afin de garantir la durabilité du système de frein, PIERER Mobility ordonne le remplacement des freins",1
Du 16/02/2022 au 01/11/2022,1
Du 07/03/2024 au 19/03/2024,1
Depuis le 19/03/2021,1
Du 14/06/2022 au 17/06/2022,1
Du 01/09/2021 au 31/08/2022,1
Présence d'eau dans le connecteur et sur les broches de l'élément chauffant après l'essai IPX4 qui réduit les distances d'isolation.,1
la teneur en nickel libéré est supérieur à la limite réglementaire,1
Du 10/03/2023 au 31/12/2023,1
Du 03/06/2020 au 15/09/2021,1
Du 24/09/2021 au 13/10/2021,1
Du 23/07/2021 au 16/09/2021,1
Du 11/03/2021 au 14/10/2021,1
Du 02/12/2021 au 08/08/2024,1
Du 06/03/2023 au 29/03/2023,1
Du 14/12/2023 au 17/12/2023,1
Du 16/08/2021 au 13/09/2021,1
Du 12/10/2021 au 28/10/2021,1
https://rappel.conso.gouv.fr/document/a94b0683-32a1-4d21-998c-8537db55133d/Interne/ListeDesDistributeurs,1
Du 04/04/2022 au 21/12/2022,1
Du 11/04/2023 au 14/04/2023,1
"1 rose et 1 bleu)\"",1
Du 16/06/2021 au 24/06/2021,1
La transmission d'un choc trop violent peut engendrer des blessures au niveau de la cheville de l'utilisateur.,1
Présence de Bisphenol A,1
Du 20/05/2022 au 08/06/2022,1
Du 09/08/2022 au 12/08/2022,1
"- Présence de cordons fonctionnels dans la zone tête et cou, présentant un risque de strangulation.",1
Du 20/11/2021 au 02/11/2022,1
Du 18/06/2021 au 19/01/2023,1
Du 01/03/2022 au 03/03/2023,1
Depuis le 01/10/2022,1
Du 19/05/2023 au 10/06/2023,1
"GMS, Hotel, Restaurants (voir doc annexe)",1
cervelles,1
Du 08/11/2021 au 04/12/2023,1
ARFD>100% risque pour le consommateur,1
Depuis le 01/10/2020,1
Du 06/10/2021 au 25/10/2021,1
FR 14.479.005,1
Du 01/12/2021 au 05/07/2023,1
Du 28/07/2020 au 02/07/2021,1
Du 03/08/2021 au 04/08/2021,1
Du 20/10/2020 au 09/07/2021,1
"Absence d'indication des présences d'allergène intentionnel  Poisson  et des présences éventuelles de  crustacé, mollusque, gluten, œuf, soja, lait, céleri, moutarde, fruits à coques",1
Du 01/01/2021 au 31/07/2021,1
Du 29/09/2022 au 04/10/2022,1
Du 13/11/2023 au 16/11/2023,1
Du 20/11/2020 au 25/05/2021,1
Jusqu'au 23/12/2021,1
Risque d'arrachement de la tétine de couvercle,1
Du 05/08/2022 au 16/08/2022,1
Du 06/09/2022 au 26/09/2022,1
Du 10/01/2023 au 24/02/2023,1
203163123027,1
Du 30/09/2020 au 31/05/2021,1
Présence Listéria Monocytogenes,1
Jusqu'au 11/01/2022,1
Jusqu'au 09/11/2023,1
Du 09/07/2018 au 04/02/2022,1
Du 31/03/2021 au 05/04/2021,1
Du 07/12/2020 au 16/07/2021,1
L'oxyde d'éthylène est une substance CMR,1
Du 23/10/2021 au 25/10/2021,1
Du 05/08/2022 au 04/11/2022,1
Du 26/06/2023 au 27/06/2023,1
Du 19/06/2023 au 20/07/2023,1
Du 27/08/2021 au 20/09/2021,1
Carton,1
Du 10/08/2021 au 20/10/2021,1
62.817.030,1
Du 03/08/2022 au 20/10/2022,1
https://rappel.conso.gouv.fr/document/9ed089da-f024-4a18-8571-5a8f71d46d66/Interne/ListeDesDistributeurs,1
Présence d'oxyde d'éthylène à une teneur supérieur à la limite autorisée sur un lot de matière première (gomme de caroube).,1
Du 02/09/2019 au 31/01/2022,1
Du 08/10/2021 au 04/04/2022,1
Du 25/05/2022 au 27/05/2022,1
Du 25/01/2023 au 18/09/2023,1
3665257290382 SKU : 600111091 LOT : 072023,1
Du 27/01/2020 au 09/11/2021,1
Une personne allergique au fruits à coques pourrait faire une réaction allergique,1
Echange Autre (voir informations complémentaires),1
Du 15/07/2022 au 21/03/2023,1
Du 25/01/2023 au 03/07/2023,1
Du 09/11/2020 au 28/07/2021,1
CARREFOUR,1
Du 01/09/2022 au 01/09/2023,1
Du 15/10/2021 au 04/07/2022,1
Du 01/01/2022 au 14/09/2023,1
Du 27/09/2023 au 12/10/2023,1
Du 26/03/2021 au 23/07/2022,1
"bac 2,4L",1
Du 27/09/2021 au 04/10/2021,1
Sac de 10kg + 2kg offert,1
EUH208 :  Contient du limonene peut produire une réaction allergique,1
"Défaut de fabrication, défaut d'étanchéité (ex: micro fuites, thermoscellage défectueux) ou anomalies de conditionnement",1
DEFAUT DE SOUDURE AU NIVEAU DU LINER,1
"Ce produit ne respecte pas la norme de sécurité EN 71-1, de petits morceaux peuvent se détacher facilement et provoquer un arrêt respiratoire en cas d’ingestion. Nous vous demandons de cesser immédiat",1
Les coutures ne sont pas conformes à la norme EN71-1 clause 5.2,1
Du 10/06/2021 au 20/07/2021,1
Du 01/11/2020 au 08/07/2023,1
Du 04/07/2023 au 13/07/2023,1
https://rappel.conso.gouv.fr/document/ce8dde56-f72d-4fc6-a403-fb4a2b3aff30/Interne/ListeDesDistributeurs,1
https://rappel.conso.gouv.fr/document/b0cd1dca-795e-44ab-81d3-4aa6ec05773e/Interne/ListeDesDistributeurs,1
Du 28/06/2022 au 09/12/2022,1
sans,1
Du 10/02/2023 au 16/03/2023,1
Produit nu vendu à la coupe ou en barquette plastique filmée x4,1
mauvais étiquetage,1
"40% et 60%.\"",1
Du 01/08/2022 au 10/09/2022,1
Les alcaloîdes tropaniques sont des composants naturels qui poussent sur les cultures,1
Du 01/01/2021 au 07/02/2022,1
céphalées,1
"Les alcaloïdes tropaniques (AT) sont des toxines naturelles sécrétées par diverses familles de végétaux. Une exposition à des AT peut entraîner des troubles cardiaques, nerveux et de la tension.",1
blanquette de poulet,1
Du 29/09/2021 au 15/10/2021,1
Du 08/01/2020 au 26/11/2021,1
"Le système de freinage a un frein de stationnement sur les essieux 1 et 3, mais les véhicules sont équipés d’un frein de stationnement uniquement sur l’essieu 3.",1
Du 19/08/2021 au 26/08/2021,1
"Rappel de lots de produits, suite à la découverte d'oxyde d'éthylène, au-delà de la limite réglementaire, dans des gommes gélifiantes entrant dans la composition.",1
Allergie,1
Du 14/06/2022 au 25/10/2022,1
Du 27/04/2021 au 12/07/2021,1
Du 01/05/2018 au 09/07/2021,1
https://rappel.conso.gouv.fr/document/b56a0a81-569a-48db-bf6e-c8a96ba788b0/Interne/ListeDesDistributeurs,1
La teneur en cuivre détectée dans l'épée est supérieur a la limite autorisée et représente un danger pour la santé.,1
marché d'à côté,1
Du 10/03/2021 au 27/10/2021,1
Du 01/08/2020 au 07/09/2021,1
Suspicion de contamination à la Listeria,1
Du 09/01/2020 au 08/06/2021,1
Risque pour les personnes allergiques ou intolérantes au lait ou au lactose.,1
Du 13/11/2023 au 05/12/2023,1
e2*2007/46*0534*05,1
Du 04/10/2021 au 08/10/2021,1
Une anomalie de production a généré une modification des renforts malléoles pouvant transmettre trop de force sur les chevilles.,1
RISQUE DEPASSEMENT DU SEUIL DE SECURITE,1
Du 25/10/2022 au 19/04/2023,1
Du 04/01/2021 au 24/11/2021,1
Du 23/02/2024 au 18/03/2024,1
Du 28/07/2022 au 14/08/2022,1
Suspicion de Listéria monocytogène,1
"328g, 656g et 2,7KG",1
Du 05/01/2022 au 31/01/2023,1
La rupture d’une chaine de froid,1
Jusqu'au 11/09/2021,1
Du 04/03/2022 au 08/03/2022,1
Du 06/10/2022 au 20/01/2023,1
suspicion de listeria monocytogenes,1
Problème d'étiquetage de la DLC,1
"point 5.8 de la norme NF EN 71-1  la toque du canard jaune dépasse du gabarit A. Risque d'étouffement par régurgitation. Point 6, Présence d'un sachet plastique non perméable épaisseur inf. 0,0038mm",1
Du 18/07/2022 au 22/05/2023,1
Du 07/11/2023 au 08/12/2023,1
résultat d'analyse de toxine ASP supérieur au seuil autorisé,1
Du 01/12/2020 au 17/10/2021,1
Depuis le 07/01/2022,1
https://rappel.conso.gouv.fr/document/2a0fe79c-eea4-4636-bed8-7809e50dd5e6/Interne/ListeDesDistributeurs,1
Du 08/12/2020 au 26/03/2022,1
Du 16/11/2021 au 25/10/2022,1
Du 01/12/2022 au 30/03/2023,1
Du 14/08/2018 au 29/07/2022,1
Tous les lots Date de durabilité minimale entre le 03/12/2023 et le 16/01/2024,1
Du 07/11/2023 au 29/01/2024,1
Du 06/05/2020 au 02/04/2021,1
/,1
Jard sur Mer,1
Absence de la mention Sulfites au niveau des étiquettes,1
Du 08/09/2022 au 19/09/2022,1
Du 25/05/2023 au 30/07/2023,1
Du 22/11/2023 au 08/12/2023,1
Présence de Listéria,1
Du 06/10/2021 au 05/02/2022,1
Depuis le 25/05/2022,1
Risque d'allergie ou d'intolérance au lait de chèvre,1
Du 17/03/2018 au 01/06/2022,1
Du 28/09/2020 au 26/07/2021,1
Détection d'erreurs dans le calcul du temps de plongée écoulé.,1
2232772000000 231779006 Date limite de consommation 16/07/2023 2415618000000 231779004 Date limite de consommation 16/07/2023,1
Du 20/01/2022 au 28/02/2022,1
Remboursement Echange Réparation,1
Du 19/07/2023 au 31/07/2023,1
Par mesure de précaution suite à une alerte chez un producteur fermier en raison d'une présence potentielle de Listeria Monocytogenes.,1
Du 17/02/2023 au 30/03/2023,1
La fonction «Stop & Start» pourrait ne pas fonctionner correctement.,1
Du 26/04/2021 au 26/04/2021,1
700 ml,1
Du 24/11/2023 au 18/12/2023,1
Du 06/11/2023 au 03/01/2024,1
Du 15/05/2019 au 21/06/2021,1
https://rappel.conso.gouv.fr/image/28033558-d189-4143-986e-659b4c9f08c9.jpg,1
Du 14/12/2021 au 16/07/2022,1
"etc...\"",1
Provoque des brûlures de la peau et des lésions oculaires graves.,1
Du 30/08/2023 au 31/08/2023,1
Mise à niveau technique du système de freinage,1
Du 23/03/2021 au 02/04/2021,1
Le masque ne respecte pas les dispositions du règlement (UE) 2016/425 et à la norme NF EN 1938:2010.,1
Existence d'un traitement ionisant non signalé sur l'étiquetage,1
"Carrefour, Leclerc , SystemeU, Auchan, Simply Market, Casino, Intermarché, Monoprix, Franprix, Segurel, Teldis",1
Du 24/01/2022 au 25/01/2022,1
Du 06/05/2021 au 10/03/2022,1
Depuis le 01/12/2021,1
Détérioration prématurée du revêtement lors de la chauffe : brunissement pouvant aller jusqu’au décollement dans certains cas.,1
Du 10/10/2022 au 17/07/2023,1
Du 25/05/2023 au 20/07/2023,1
FR. 35.095.126 CE,1
"Vrac (lactique et aperifrom), barquette plastique (aperifrom)",1
Du 15/06/2021 au 18/06/2021,1
Du 03/09/2021 au 15/09/2021,1
"absence du pictogramme de danger SGH08 et SGH07 ,de la mention d'avertissement <danger> ,des mentions de danger H302,H319,H332,H351,H372 et H361D ,du nom de la substance Chloroforme ,de l'indication de danger détectable au toucher,",1
Du 01/03/2020 au 31/07/2021,1
Du 16/08/2022 au 19/08/2022,1
FR 01 263 001 CE,1
Du 18/04/2023 au 26/05/2023,1
Du 07/12/2021 au 07/12/2022,1
Choc électrique,1
Du 01/04/2022 au 25/10/2023,1
Du 05/03/2021 au 26/03/2021,1
Risque de dépassement de la limite autorisée en oxyde d'éthylène dans le produit fini,1
Du 01/01/2017 au 01/01/2022,1
Du 19/01/2022 au 16/02/2022,1
Du 14/02/2023 au 14/02/2023,1
Du 08/07/2023 au 14/07/2023,1
3614912983930,1
"La teneur en cadmium mesurée dans les parties métalliques, est supérieure à la limite réglementaire.",1
Du 01/12/2021 au 01/06/2023,1
Allergies,1
Du 26/01/2024 au 31/01/2024,1
Additifs et arômes non autorisés,1
VOIR FICHIER PDF,1
Depuis le 07/09/2021,1
"VB310810 : fabrications jusqu'à juillet 2018.\"",1
intermarché bourg st maurice,1
Présence ETO supérieur aux valeurs règlementaires,1
"Consommation de Desmodium, Chardon-Marie, Romarin, Chrysanthellum soumis à conseil médical en cas de co-médication avec des molécules à fort métabolisme hépatique.",1
Présence de mercure,1
Du 01/01/2014 au 23/02/2024,1
Du 07/03/2024 au 16/03/2024,1
Du 25/01/2021 au 27/07/2021,1
Depuis le 03/03/2020,1
Du 20/06/2023 au 28/06/2023,1
Du 28/01/2022 au 04/08/2023,1
Du 10/06/2021 au 15/06/2021,1
Du 04/06/2021 au 27/07/2021,1
Du 15/09/2021 au 19/10/2021,1
"Si la personne est allergiques aux fruits à coques (noisettes et amandes), risque de réaction allergique. Ne plus consommer si allergique.",1
Teneur en alcaloïdes mesurée : 224µg/kg,1
Du 04/04/2022 au 07/04/2022,1
Du 10/05/2023 au 31/01/2024,1
LA CHAPPENOISE,1
FR.35.163.009.CE,1
0187085908,1
Du 03/03/2021 au 15/08/2021,1
PRESENCE DE CADMIUM SUPERIEUR AU POURCENTAGE AUTORISE,1
Jusqu'au 30/11/2022,1
Du 16/09/2021 au 04/04/2023,1
Du 26/05/2023 au 08/06/2023,1
Du 14/03/2023 au 17/07/2023,1
EURELEC,1
Du 26/04/2022 au 29/04/2022,1
Du 23/12/2021 au 01/09/2022,1
0559412594,1
Présence d'oxyde d'éthylène à une teneur supérieure à la limite autorisée.,1
Du 24/08/2021 au 11/10/2021,1
Du 25/09/2017 au 05/09/2022,1
Du 18/10/2022 au 26/10/2022,1
Du 23/08/2019 au 01/10/2021,1
Du 03/07/2023 au 07/07/2023,1
Du 15/09/2021 au 04/11/2021,1
Du 09/11/2019 au 02/04/2021,1
Du 10/11/2021 au 10/11/2021,1
Nous avons détecté une altération organoleptique sur un de nos produits. Il s’agit de la présence potentielle d’une altération du goût et de l’odeur (vinaigre) rendant le produit impropre à la consommation.,1
Clostridium botulinum (agent responsable du botulisme) Autre risque,1
Du 13/04/2022 au 24/02/2023,1
Pot en verre avec couvercle cuivré,1
Erreur étiquetage sur le produit F717600012 CROC TOMATE MOZZA X4 Sous le lot 02943345.,1
Boîte de 30 gélules,1
Tous les lots commercialisés à partir du 01/04/2022,1
Du 21/03/2022 au 10/06/2022,1
Rayon traditionnel : barquette en plastique,1
Du 03/01/2022 au 09/09/2022,1
Du 01/06/2022 au 26/05/2023,1
Du 22/11/2023 au 18/12/2023,1
Du 14/11/2023 au 14/02/2024,1
Les feux de croisement peuvent faire face vers le bas en raison du défaut de fonctionnement du système de correction de la hauteur du faisceau.,1
Du 06/07/2020 au 03/11/2021,1
Aflatoxines et pesticides,1
Du 01/03/2021 au 08/06/2022,1
Le produit fini fabriqué  est non-conforme,1
Du 01/06/2022 au 24/05/2023,1
https://rappel.conso.gouv.fr/document/d3ea8f84-a81f-43d6-8758-ff56cd3af63e/Interne/ListeDesDistributeurs,1
Du 30/10/2019 au 01/04/2021,1
Du 12/10/2021 au 17/12/2021,1
Du 23/08/2019 au 01/07/2021,1
FR34142007CE,1
3665771036299   3665771062137   3665771063141,1
L'opération de contrôle qualité dont nous ne pouvons garantir la réalisation prémunit nos produits de dysfonctionnements dans des circonstances rares mais possibles.,1
Du 14/09/2022 au 19/09/2022,1
Du 15/09/2023 au 15/01/2024,1
Du 20/12/2023 au 22/12/2023,1
Du 22/04/2021 au 11/06/2021,1
Du 01/02/2020 au 01/07/2020,1
Du 28/07/2021 au 29/06/2022,1
Du 02/12/2021 au 14/07/2022,1
Du 24/02/2021 au 17/04/2023,1
BARQUETTE SOUS ATMOSPHERE PROTECTRICE,1
Du 11/03/2024 au 12/03/2024,1
Il est donc demandé aux personnes qui détiendraient ces produits (numéro de lot et DLC spécifiés) de ne pas les consommer après le 03/06/2021 et de les rapporter au point de vente pour destruction,1
Du 29/09/2020 au 30/07/2021,1
"L'oxyde d’éthylène est une substance cancérigène, mutagène et toxique pour la reproduction (en cas de consommation élevée et répétée)",1
"Présence de petits éléments détachables (anneau en métal, yeux de la peluche) et accès au rembourrage fibreux du fait de la faiblesse de certaines coutures, pouvant être ingérés.",1
La teneur en Chlorpyrifos (-ethyl) observée sur cet échantillon est supérieure à la LMR retenue par la législation européenne pour ce produit.,1
Du 14/12/2022 au 19/02/2023,1
Du 21/12/2022 au 04/01/2023,1
"Dans le cadre de contrôles qualité notre fabricant a identifié que deux pneus peuvent présenter un défaut qui pourrait, dans certains cas, provoquer une perte de pression soudaine et par conséquent l’éclatement du pneumatique.",1
Détection de Listéria monocytogenes (<40 ufc/g),1
FR 56.121.005 CE,1
Du 10/03/2021 au 15/11/2021,1
Ne plus utiliser le produit Contacter le service consommateur Détruire le produit,1
Du 29/05/2020 au 10/11/2023,1
Du 02/08/2023 au 14/08/2023,1
FR 47-091-005 CE,1
Du 25/03/2021 au 31/03/2021,1
Du 01/02/2020 au 15/09/2021,1
Taux de biphényl et anthraquinones trop élevé dans les analyses concernant le Lapacho,1
Du 01/07/2023 au 23/09/2023,1
Du 17/09/2019 au 17/05/2021,1
Du 05/03/2020 au 02/08/2021,1
Du 24/08/2022 au 21/09/2022,1
Du 30/06/2023 au 14/07/2023,1
Du 20/02/2024 au 22/02/2024,1
Du 17/03/2023 au 18/10/2023,1
Du 25/11/2019 au 05/05/2021,1
Rapporter le produit au point de vente Contacter le point de vente,1
Du 13/06/2022 au 10/05/2023,1
Du 09/09/2021 au 30/09/2021,1
Du 01/06/2022 au 04/06/2022,1
Du 08/12/2022 au 16/12/2022,1
"Les toxi-infections alimentaires causées par ces toxines se traduisent par des troubles digestifs (vomissements, douleurs abdominales, diarrhées) dans un délai de 2 à 24 heures suivant l'ingestion des coquillages contaminés. Ces troubles peuvent être suivis de sensations d'étourdissement, de maux de tête persistants, d'une désorientation et éventuellement d'une perte de la mémoire récente.",1
Du 14/06/2021 au 20/10/2021,1
"3614912936745 (pointure 40)\"",1
suspicion de salmonelle,1
0479257992,1
Du 22/10/2021 au 05/12/2023,1
607282 : colis de 100,1
BUT,1
https://rappel.conso.gouv.fr/document/b66b8cf8-df3c-4486-a03c-665930f726c7/Interne/ListeDesDistributeurs,1
Complément alimentaire contenant un ingrédient non autorisé.,1
Du 29/02/2024 au 28/03/2024,1
17.164.003,1
Antiagglomérant : talc,1
Du 29/11/2022 au 09/12/2022,1
Du 24/06/2021 au 27/08/2021,1
mise en évidence d’un risque de lait caillé,1
Du 19/11/2021 au 08/12/2021,1
"version du programme informatique est 2A.\"",1
Du 30/04/2022 au 02/05/2022,1
Du 01/02/2022 au 26/07/2022,1
Du 26/11/2021 au 02/11/2022,1
Du 31/01/2023 au 03/02/2023,1
X2,1
Du 01/04/2021 au 01/04/2021,1
Du 19/07/2021 au 06/08/2021,1
Du 22/09/2021 au 08/10/2021,1
Du 15/12/2021 au 18/12/2021,1
FR 74 211 060 CE,1
IT X8S8K CE,1
https://rappel.conso.gouv.fr/document/038869bb-150f-4f92-a885-9d54a3043c6f/Interne/ListeDesDistributeurs,1
Du 12/09/2022 au 30/09/2022,1
Détachement des boutons-pression,1
Produits phytosanitaires non autorisés,1
Annexe,1
Du 23/09/2021 au 08/10/2021,1
Du 27/12/2021 au 13/01/2022,1
Le teneur en plomb sur le support strass libéré mesure est supérieur à la limite réglementée,1
Du 01/01/2022 au 23/03/2023,1
Du 13/06/2023 au 03/07/2023,1
Du 22/11/2023 au 13/12/2023,1
Du 29/06/2020 au 02/08/2021,1
Du 02/03/2022 au 20/03/2022,1
Depuis le 22/07/2022,1
Du 12/05/2023 au 17/05/2023,1
"En cas d’allergie à un aliment contenant un allergène majeur (œuf, lait, poisson, etc.), le système immunitaire réagit par des manifestations inflammatoires de survenue brutale.",1
EG 6640 NL           FR 62.025.003 C.E.,1
Du 01/12/2022 au 21/09/2023,1
Du 04/12/2023 au 12/12/2023,1
Du 04/05/2021 au 04/06/2021,1
Du 24/01/2021 au 27/07/2021,1
Du 01/10/2021 au 11/03/2022,1
Du 16/05/2022 au 10/06/2022,1
Résistance mécanique insuffisante et de l’accès aux piles pour les enfants,1
https://rappel.conso.gouv.fr/document/21faa480-1f78-4c86-9792-bf27174d59fb/Interne/ListeDesDistributeurs,1
https://rappel.conso.gouv.fr/document/ff501611-2168-451a-976b-e93d5720f8be/Interne/ListeDesProduits,1
Du 25/09/2023 au 17/10/2023,1
Clisson,1
Du 01/12/2020 au 26/11/2021,1
0243603100,1
Du 13/10/2021 au 26/11/2021,1
Du 01/09/2021 au 14/04/2022,1
Du 30/05/2022 au 08/06/2022,1
Du 28/10/2021 au 02/11/2022,1
Du 18/03/2021 au 06/08/2021,1
Du 06/12/2021 au 15/03/2022,1
SAC 2.5KG,1
présence de listeria,1
Du 11/10/2022 au 06/02/2023,1
Présence éventuelle de mycotoxines,1
Du 24/03/2020 au 29/07/2021,1
Du 29/05/2020 au 31/08/2021,1
0658352900,1
Du 02/05/2022 au 24/06/2022,1
Du 01/07/2022 au 06/10/2022,1
Du 17/03/2023 au 31/08/2023,1
Du 15/10/2023 au 25/10/2023,1
Du 25/10/2023 au 06/11/2023,1
ceinture,1
Du 01/09/2020 au 20/10/2021,1
Du 03/09/2021 au 23/02/2023,1
La petite partie dure sous les pieds est trop grande pour les bébés avant 10 mois.,1
Produit contenant du Bore limite de migration dans le slim rose à 1181 mg/kg,1
Du 28/02/2022 au 05/07/2022,1
Du 19/06/2023 au 06/07/2023,1
"Présence de phtalates (DiBP, DBP et DEHP) en concentrations très supérieures aux limites réglementaires.",1
Depuis le 01/01/2018,1
"BAC 2,5L",1
Du 26/08/2020 au 02/12/2022,1
Du 01/04/2023 au 02/08/2023,1
Surdosage de vitamine B3 du fait de l'utilisation d'acide nicotinique à la place de nicotinamide.,1
azote basique volatil total (ABVT) supérieur aux critères - risque d'intoxication alimentaire,1
Du 07/12/2022 au 19/10/2023,1
Du 01/06/2021 au 23/09/2021,1
Du 10/02/2021 au 07/11/2022,1
Du 18/10/2023 au 19/10/2023,1
Le bouchon de la colonne de direction peut ne pas être correctement serré.,1
Du 02/10/2020 au 11/02/2021,1
Présence de nitrites,1
https://rappel.conso.gouv.fr/document/0784a14b-21b1-4872-83af-f7f3be99417d/Interne/ListeDesDistributeurs,1
Du 01/07/2020 au 20/07/2021,1
Du 01/08/2022 au 12/08/2022,1
Du 06/10/2022 au 10/10/2022,1
Du 26/10/2022 au 31/10/2022,1
Du 24/06/2023 au 03/07/2023,1
Du 02/12/2023 au 09/12/2023,1
Perturbateur endocrinien si exposition forte au produit.,1
Du 19/12/2019 au 15/11/2020,1
LISTERIA MONOCYTOGENES,1
Du 24/10/2022 au 21/12/2022,1
"5mm).\"",1
FR 59 039 030 CE,1
Présence de substance interdite,1
Du 24/02/2020 au 06/07/2021,1
"Dans le cadre d'essais de résistance sur les lunettes, certains échantillons testés ont été identifiés non conformes (ex : éclatement de l'oculaire",1
France entière,1
Du 02/06/2022 au 02/06/2022,1
Défaut verrier : bavure au niveau de la bague de la bouteille,1
Suspicion de Listeria monocytogène dans les plaquettes des 250g de BEURRE laitier lot n°14323,1
Du 02/12/2020 au 22/07/2021,1
Huningue,1
Rappel du produit  Pomme de terre/harengs  suite à la mise en évidence de la présence de Listeria dans les Filets de harengs utilisés dans la fabrication.,1
Du 02/07/2022 au 31/07/2022,1
Du 01/02/2021 au 09/11/2022,1
"Système U\"",1
Du 19/03/2021 au 25/06/2021,1
Du 01/01/2020 au 06/08/2021,1
Du 28/07/2021 au 10/08/2021,1
Du 01/01/2016 au 02/11/2021,1
11/04/2023,1
Du 19/09/2022 au 17/10/2022,1
Du 25/11/2022 au 08/12/2022,1
Du 01/01/2022 au 31/03/2023,1
Du 20/03/2024 au 22/03/2024,1
Du 11/01/2021 au 06/08/2021,1
Du 15/10/2021 au 07/04/2022,1
Du 13/05/2021 au 19/05/2021,1
"4053873252843 DX0089 DEXTER MARTY MAT, taille XL, coloris BLACK MAT Numéro d'homologation E13 0510355/P-5724  3665404012089 DX0089 DEXTER MARTY MAT, taille XL, coloris GREY MAT Numéro d'homologation E13 0510355/P-5724",1
Du 23/08/2022 au 16/09/2022,1
Nature & Découvertes,1
Le défaut de montage des durites de freins est susceptible de rendre le système de freinage inopérant.,1
Risque de présence d'insectes,1
associés à des signes digestifs (nausées,1
"lésion et corrosion cutanée.\"",1
Du 01/03/2022 au 01/12/2023,1
Du 16/01/2024 au 13/02/2024,1
Du 01/12/2019 au 23/07/2022,1
Du 04/03/2021 au 16/06/2021,1
présence oxyde éthylène,1
Risque en raison de l'ingestion de petits éléments par de jeunes enfants,1
Du 06/01/2022 au 13/01/2022,1
Du 09/03/2023 au 13/03/2023,1
Du 01/07/2022 au 24/09/2023,1
Du 08/11/2023 au 06/12/2023,1
Du 30/10/2020 au 28/04/2022,1
Étiquette de Date Limite de Consommation erronée,1
risque de blessure à l'œil,1
Du 26/04/2017 au 23/12/2021,1
INTERMARCHE,1
Présence de sulfites,1
Risque d'ingestion.,1
Une surchauffe du moteur peut survenir en raison d’un problème avec le logiciel de commande du moteur.,1
"le défaut d'usinage pourrait, sur le long terme, altérer le bon fonctionnement du détendeur Calypso et donc provoquer un risque de distribution d'air pour l'utilisateur.",1
Suite à une suspicion de corps étrangers métalliques nous procédons au rappel des produits Auchan suivants,1
Depuis le 10/10/2020,1
Du 31/07/2021 au 06/08/2021,1
Du 04/04/2022 au 08/06/2022,1
Du 04/06/2022 au 29/06/2022,1
Du 01/09/2019 au 14/11/2022,1
défaut de maîtrise des barèmes de stérilisation susceptible d'entrainer le développement de microorganismes pathogènes.,1
Du 26/05/2021 au 11/06/2021,1
Du 14/08/2019 au 27/04/2021,1
Du 01/01/2021 au 11/08/2021,1
Étiquetage non conforme.,1
Du 22/11/2022 au 16/02/2023,1
Du 01/09/2021 au 01/06/2023,1
Du 01/12/2019 au 28/05/2021,1
Spar,1
Du 11/09/2021 au 08/10/2021,1
Du 06/09/2021 au 21/10/2021,1
Du 12/10/2021 au 02/11/2022,1
Depuis le 28/12/2021,1
présence de Salmonella dans le produit,1
"Risque: l’oxyde d’éthylène est une substance cancérogène, mutagène et toxique pour la reproduction (en cas de consommation élevée et répétée).",1
Du 02/06/2023 au 08/06/2023,1
Problème d'emballage uniquement : la fente à l'arrière du blister facilitant la libération de la pile n'est pas conforme à la norme européenne entrée en application en avril 2021. L'emballage présente un risque d'accès à la pile pour un enfant.,1
Du 27/01/2020 au 29/07/2021,1
Du 01/01/2021 au 30/07/2021,1
Présence d'ochratoxine A à une teneur supérieure à la limite autorisée.,1
Du 04/07/2022 au 02/09/2022,1
Risque de présence d’un corps étranger végétal (Morelle). La Morelle Noire est une plante herbacée contenant naturellement de teneurs fortes en alcaloïdes toxiques à partir de l'ingestion de 5 à 10 baies,1
Du 27/04/2023 au 29/04/2023,1
Absence de consigne d'utilisation .,1
"Pieds avec une petite partie dure pouvant dépasser le gabarit, suite à une erreur de laboratoire.",1
Du 15/12/2020 au 26/03/2021,1
Du 03/12/2019 au 29/06/2021,1
Du 27/07/2021 au 10/10/2021,1
Du 06/02/2019 au 16/09/2021,1
Du 28/06/2019 au 23/08/2021,1
Peut provoquer allergies cutanées.,1
https://rappel.conso.gouv.fr/document/0ff7f631-b636-406e-91c4-5273518427d7/Interne/ListeDesDistributeurs,1
Du 18/03/2024 au 25/03/2024,1
Du 15/01/2021 au 14/04/2021,1
Du 12/04/2019 au 29/01/2021,1
Du 12/04/2021 au 18/06/2021,1
Du 07/07/2021 au 23/07/2021,1
https://rappel.conso.gouv.fr/document/552cc1a5-26f6-426e-9dac-9d90de5a02aa/Interne/ListeDesDistributeurs,1
Du 01/10/2018 au 20/04/2021,1
Du 12/03/2020 au 18/06/2021,1
Du 01/07/2019 au 25/01/2022,1
Du 12/07/2019 au 08/06/2021,1
Du 15/07/2021 au 26/07/2021,1
Jusqu'au 25/03/2022,1
Du 28/09/2021 au 23/08/2022,1
Du 05/05/2021 au 08/07/2021,1
Du 01/12/2021 au 16/12/2021,1
Du 16/08/2022 au 22/08/2022,1
Escherichia coli shiga toxinogène (STEC),1
9 BR Titan),1
Du 22/12/2022 au 22/09/2023,1
Du 14/06/2021 au 21/04/2022,1
Du 04/04/2022 au 31/07/2022,1
Du 28/10/2020 au 29/07/2021,1
"Présence de fruits à coque dans le chocolat, alors que l'allergène n'est pas mentionné sur l'étiquetage",1
Du 27/01/2023 au 30/01/2023,1
Du 04/08/2023 au 29/08/2023,1
Non déterminé,1
Du 26/03/2024 au 28/03/2024,1
Du 30/03/2021 au 02/04/2021,1
Ergotisme,1
Du 03/05/2021 au 10/06/2021,1
Du 01/08/2022 au 08/09/2022,1
Du 04/10/2022 au 14/10/2022,1
https://rappel.conso.gouv.fr/document/00debf20-673d-464b-ad20-2f74fb5bae75/Interne/ListeDesDistributeurs,1
« Danger H371,1
Depuis le 21/04/2023,1
Du 02/10/2023 au 04/10/2023,1
3019081240899  Date de durabilité minimale 03/02/2023 3019081240899  Date de durabilité minimale 30/04/2023 3019081241520  Date de durabilité minimale 11/02/2023 3019081241520  Date de durabilité minimale 30/04/2023 3019081241520  Date de durabilité minimale 03/04/2023,1
Présence  de Salmonelles,1
Du 25/04/2022 au 02/05/2022,1
E.LECLERC,1
toulouse,1
Promocash à Carcassonne,1
Du 16/11/2022 au 14/12/2022,1
Du 13/12/2023 au 17/12/2023,1
Du 14/12/2023 au 29/12/2023,1
Du 07/03/2024 au 20/03/2024,1
Présence de salmonelles dans les fonds de tartelettes HAFNER utilisées pour l'élaboration de nos tartelettes aux fruits,1
Du 25/03/2022 au 13/02/2023,1
Du 25/10/2023 au 03/11/2023,1
Il est possible d’ouvrir le couvercle du cuiseur sous pression en raison de mécanismes de fermeture inadéquats et le cuiseur sous pression peut se déformer.,1
Présence de Listeria Monocytogenes supérieur à 100 UFC/g,1
Du 28/07/2023 au 30/08/2023,1
NL610EG,1
Du 18/12/2020 au 26/02/2024,1
"barquette de 2,5 kg et 1,5kg",1
sachets doypack noir à zip avec fenêtre format  37g et sachets tranparent à zip format 1kg,1
Du 21/02/2022 au 01/03/2022,1
"Toxines endogènes : histamine (poissons, fromages, boissons alcoolisées, charcuteries)",1
Risque de casse de potence en cas de freinage d'urgence ou en cas d'utilisation sur terrain accidenté pouvant engendrer une perte de contrôle du vélo et donc un risque de chute,1
Blister individuel en plastique,1
Du 06/04/2022 au 07/04/2022,1
Du 23/11/2022 au 07/12/2022,1
Du 29/01/2024 au 21/02/2024,1
Du 19/03/2024 au 20/03/2024,1
Du 22/02/2024 au 28/03/2024,1
PAIN 9,1
Le montage du rotor sur le vilebrequin a pu être réalisé avec un mauvais angle et un couple de serrage trop élevé. Un serrage excessif peut endommager le rotor et provoquer sa fragmentation durant l’utilisation de la machine.,1
https://rappel.conso.gouv.fr/document/d7436bc6-36ae-4708-8457-63196387d2d0/Interne/ListeDesProduits,1
Du 05/01/2022 au 13/01/2022,1
https://rappel.conso.gouv.fr/document/3e5ba355-a88c-4ad2-9837-01abdfc85e03/Interne/ListeDesProduits,1
"Risque d'accroche de chaine ou cordelette, lorsque la barrière est utilisée avec le réglage d’écartement maximum, entraînant un risque de pendaison de l'enfant.",1
Du 06/10/2022 au 11/10/2022,1
Du 01/08/2022 au 18/09/2023,1
CBD: Nouvel aliment non autorisé au titre du règlement (UE) n°2015/2283,1
Du 26/03/2020 au 18/10/2023,1
Présence d'oxyde d'éthylène dans 1 ingrédient,1
Du 26/02/2020 au 05/07/2021,1
Risque potentiel de fuite reliant le manomètre au détendeur.,1
Du 25/10/2023 au 31/10/2023,1
Du 01/02/2021 au 20/05/2021,1
Du 01/12/2020 au 26/05/2021,1
Du 25/07/2021 au 21/08/2021,1
Du 01/09/2021 au 13/09/2021,1
Du 03/03/2021 au 15/09/2021,1
Du 06/01/2022 au 21/01/2022,1
Du 08/03/2022 au 08/09/2022,1
Du 10/06/2022 au 05/10/2022,1
Du 13/07/2023 au 15/09/2023,1
caisse polystirène 7.520 Kgs,1
Du 26/12/2023 au 26/12/2023,1
Du 01/03/2020 au 11/06/2021,1
Présence de moisissures sur le bonbon noir ganache noisette,1
FR29 039 524,1
Du 18/08/2021 au 11/08/2023,1
Du 09/09/2021 au 04/10/2021,1
Du 06/01/2023 au 16/01/2023,1
FR 32.056.040 CE,1
Du 20/04/2021 au 04/08/2021,1
Du 25/08/2021 au 09/09/2021,1
FR76459005CE,1
Présence possible de morceaux de verre,1
Du 01/05/2022 au 06/09/2022,1
Du 20/01/2020 au 11/10/2022,1
Depuis le 08/02/2023,1
Du 12/05/2023 au 02/06/2023,1
Du 09/09/2021 au 11/09/2021,1
Du 16/09/2021 au 29/10/2021,1
Du 27/06/2022 au 29/06/2022,1
IKEA,1
Du 24/02/2023 au 27/03/2023,1
Provoque une irritation cutanée,1
Du 23/06/2023 au 17/07/2023,1
CR2032) Marque: TKA,1
INTERSTOVES,1
Du 23/11/2019 au 19/11/2020,1
poudre de Carvi (Carum carvi) fruit,1
Depuis le 16/09/2019,1
Produit classé comme très inflammable.,1
Du 01/07/2022 au 07/10/2022,1
Du 25/05/2023 au 20/06/2023,1
Du 17/04/2023 au 16/07/2023,1
"En raison d’un joint d’étanchéité sous-performant dans le circuit de frein avant, le liquide de frein peut s’échapper.",1
Du 13/12/2022 au 16/02/2023,1
FR 72.181.005,1
Du 02/03/2021 au 17/10/2021,1
Teneur supérieure à la limite réglementaire d'oxyde,1
https://rappel.conso.gouv.fr/document/290b98bc-cf4f-4a63-8e9a-d6dc1570e686/Interne/ListeDesDistributeurs,1
2,1
Du 12/07/2022 au 27/06/2023,1
